$MeshFormat
4.1 0 8
$EndMeshFormat
$PhysicalNames
8
2 17 "Design"
2 18 "NonDesign"
2 19 "Coil1"
2 20 "Coil2"
2 21 "Coil3"
2 22 "Air"
2 23 "PM1"
2 24 "PM2"
$EndPhysicalNames
$Entities
0 0 16 0
1 0 0 0 15 15 0 1 17 0 
2 0 -7.105427357601002e-15 0 15.25 15.25 0 1 22 0 
3 5.329070518200751e-15 -7.105427357601002e-15 0 16.733200530682 16.733200530682 0 1 22 0 
4 0 -8.881784197001252e-15 0 25 25 0 1 18 0 
5 0.15 5.6522245369848 0 1.9848076211353 7.7507816954998 0 1 22 0 
6 0.8598076211353298 5.5857181860387 0 9.0702731333588 11.769408332667 0 1 23 0 
7 2 16.420739046914 0 6.0822475599093 23.414738947936 0 1 19 0 
8 4.3999237667429 15.620191517213 0 9.9753186663992 22.699256917793 0 1 19 0 
9 5.5857181860387 0.8598076211353298 0 11.769408332667 9.0702731333588 0 1 24 0 
10 5.6522245369848 0.15 0 7.7507816954998 1.9848076211353 0 1 22 0 
11 7.8202731333588 9.8208511741521 0 9.7679313879829 11.919408332667 0 1 22 0 
12 9.8208511741521 7.8202731333588 0 11.919408332667 9.7679313879829 0 1 22 0 
13 10.173022315636 12.020815280171 0 16.617009357884 19.277758751894 0 1 20 0 
14 12.020815280171 10.173022315636 0 19.277758751894 16.617009357884 0 1 20 0 
15 15.620191517213 4.3999237667428 0 22.699256917793 9.9753186663992 0 1 21 0 
16 16.420739046914 2 0 23.414738947936 6.0822475599092 0 1 21 0 
$EndEntities
$Nodes
16 1978 1 1978
2 1 0 616
608
729
730
731
732
733
850
851
852
853
854
855
856
857
858
868
869
870
871
872
873
926
927
928
929
930
931
971
972
973
974
975
976
977
978
979
980
981
982
983
984
985
986
987
988
989
990
998
999
1045
1046
1047
1048
1049
1050
1051
1052
1054
1066
1067
1068
1069
1070
1071
1072
1077
1078
1079
1080
1081
1082
1083
1084
1085
1086
1087
1088
1089
1090
1091
1092
1093
1094
1095
1096
1097
1098
1099
1100
1101
1102
1103
1104
1105
1106
1112
1113
1114
1115
1116
1158
1159
1160
1161
1162
1163
1168
1180
1181
1182
1183
1184
1185
1186
1187
1188
1189
1190
1191
1192
1193
1194
1195
1196
1197
1198
1199
1200
1201
1202
1203
1204
1205
1206
1207
1208
1209
1210
1211
1212
1213
1214
1215
1216
1217
1218
1219
1220
1221
1222
1223
1224
1225
1226
1227
1228
1229
1230
1231
1257
1260
1270
1271
1272
1273
1274
1281
1282
1294
1295
1298
1299
1300
1301
1302
1303
1304
1305
1306
1307
1308
1309
1310
1311
1312
1313
1314
1315
1316
1317
1318
1319
1320
1321
1322
1323
1324
1325
1326
1327
1328
1329
1331
1332
1333
1334
1335
1336
1337
1338
1360
1361
1362
1364
1373
1374
1375
1380
1382
1383
1393
1399
1400
1401
1402
1403
1404
1405
1406
1407
1408
1409
1410
1411
1412
1413
1414
1415
1416
1417
1419
1420
1421
1422
1424
1425
1428
1429
1450
1451
1452
1453
1454
1455
1456
1457
1458
1459
1462
1463
1471
1472
1473
1474
1475
1476
1477
1478
1479
1480
1481
1487
1488
1489
1490
1491
1492
1493
1494
1495
1496
1497
1498
1499
1501
1502
1503
1506
1508
1509
1514
1516
1517
1518
1519
1520
1521
1522
1523
1524
1525
1526
1527
1528
1529
1530
1531
1532
1533
1534
1535
1536
1540
1548
1549
1550
1551
1552
1553
1554
1555
1556
1557
1558
1559
1564
1565
1566
1567
1568
1569
1570
1571
1572
1574
1577
1579
1580
1581
1586
1587
1588
1589
1590
1591
1592
1593
1594
1595
1596
1597
1598
1599
1600
1601
1602
1603
1604
1605
1606
1607
1608
1619
1620
1621
1622
1623
1624
1625
1626
1627
1628
1629
1630
1634
1636
1638
1639
1640
1643
1645
1646
1647
1648
1653
1654
1655
1656
1657
1658
1659
1660
1661
1662
1663
1664
1665
1666
1667
1668
1676
1677
1678
1679
1680
1681
1682
1683
1684
1685
1686
1687
1688
1689
1699
1700
1701
1702
1706
1707
1708
1709
1710
1711
1712
1713
1714
1715
1716
1719
1720
1721
1722
1723
1724
1725
1726
1727
1728
1729
1730
1731
1732
1734
1740
1741
1742
1745
1746
1747
1748
1749
1750
1751
1752
1753
1754
1755
1756
1757
1758
1759
1760
1761
1762
1763
1764
1765
1766
1768
1769
1772
1773
1774
1775
1776
1777
1778
1779
1780
1781
1782
1783
1784
1785
1786
1787
1789
1790
1792
1793
1794
1795
1796
1797
1798
1799
1800
1801
1802
1803
1804
1805
1807
1808
1809
1811
1812
1813
1814
1815
1816
1817
1818
1819
1820
1821
1822
1823
1824
1826
1827
1829
1830
1831
1832
1833
1834
1835
1836
1837
1838
1839
1840
1841
1842
1843
1844
1847
1849
1850
1851
1852
1853
1854
1855
1856
1857
1858
1859
1862
1863
1869
1870
1871
1872
1873
1874
1875
1876
1877
1878
1879
1881
1882
1883
1890
1891
1892
1893
1894
1895
1896
1897
1900
1901
1902
1909
1910
1911
1912
1913
1914
1917
1918
1925
1927
1928
1929
1931
1937
1938
1939
1940
1941
1942
1949
1950
1951
1952
1953
1954
1961
1962
1964
1965
1969
1970
1971
1972
1973
1974
1975
1976
1977
1978
15 0 0
14.99741261309 0.27859453102435 0
14.987775827215 0.60545499679169 0
14.811182582658 0.19989298707024 0
14.724412241556 0 0
14.970022966683 0.94784617791962 0
14.944504670416 1.2891005220412 0
14.911334890364 1.6285244202696 0
14.773357376142 0.43841097400388 0
14.70351347455 0.76059618503222 0
14.532220946179 0.25766717497435 0
14.368100163752 0 0
14.66619100269 1.1028205835749 0
14.870627891283 1.9658143653477 0
14.822548917465 2.3004442156562 0
14.767237925019 2.6322393633308 0
14.704906604535 2.9606961600124 0
14.635778436104 3.2854207598552 0
14.560033058274 3.6063052203012 0
14.389263330607 4.2366379125959 0
14.477848743446 3.9232506626395 0
7.7251287339379 0 0
7.9306692732621 0 0
7.5195881946137 0 0
7.3140476552896 0 0
7.1085071159654 0 0
6.9029665766412 0 0
14.607096794394 1.4145384682798 0
14.574752190397 1.7380218226753 0
14.389117315511 0.57588735990187 0
14.431334089732 0.89254207237737 0
14.121991789885 0.33286876498629 0
13.897297913726 0 0
14.302293528564 1.1920692432134 0
14.511957498776 2.0653794246543 0
14.458155363041 2.3884811708535 0
13.973078197638 5.4546389140525 0
14.086184700983 5.1555213674067 0
14.193293929821 4.8528762009472 0
14.29436599263 4.5465482367098 0
14.415107619402 2.7341405962603 0
14.165673570182 2.5249041939522 0
14.360570262461 3.0525014146111 0
14.080140525019 4.2928550674463 0
14.309278474228 3.3902606140243 0
14.244847998777 3.6927265309144 0
14.176576201322 4.0012991645248 0
10.845896571521 10.36178206487 0
10.606601717798 10.606601717798 0
8.1362098125862 0 0
7.6007816954998 0.15 0
7.7505394384276 0.25375619426132 0
7.8908604147115 0.17045749767851 0
8.054737714983601 0.17946272521315 0
7.3315095846291 0.15 0
7.1054586951436 0.15 0
6.8978538154066 0.15 0
6.6974260373171 0 0
12.315471341036 8.563245041928701 0
11.077590992313 10.11370247768 0
11.301730268805 9.862600718429499 0
12.125933655137 8.829594157785801 0
11.51836227422 9.608711178915501 0
11.92994672213 9.0926547942355 0
11.727542011711 9.352259532516999 0
12.845054656721 7.7462617349174 0
12.675088287436 8.0213550542097 0
12.498536268313 8.293768211715999 0
12.200379380882 8.3592614683793 0
13.459163429662 6.6220027011207 0
8.3730743324108 0 0
8.6888988906062 0 0
13.275218789554 0 0
12.453260525956 0 0
13.853761861531 5.7509375134822 0
13.728287090412 6.0443472404584 0
13.596728768791 6.3347428351856 0
14.243504436901 1.5366942176963 0
14.269356685633 1.860625235362 0
13.987121283457 0.83297711630446 0
13.587974868115 0.45081196429256 0
13.952953462055 1.298653415624 0
14.076303944837 2.1388897380311 0
13.862648624367 2.4868300363175 0
13.648768491745 5.4662304250802 0
13.765440883165 5.1842320203008 0
13.877879266705 4.8639786492096 0
13.978352795186 4.582373535879 0
13.822642580665 4.3490192665428 0
14.033211246417 2.8476834692191 0
14.084944091084 3.1901095683859 0
13.869078891586 4.0653133405017 0
13.977982990203 3.4834795906175 0
13.998277718498 3.7970114730509 0
10.697793525144 10.070523913456 0
10.36178206487 10.845896571521 0
10.459595489082 10.336914947359 0
10.326491036457 10.582373705203 0
10.11370247768 11.077590992313 0
9.862600718429499 11.301730268805 0
8.2718440836847 0.20926006238462 0
7.6007816954998 0.37937631907675 0
7.7525038928286 0.44543428463127 0
7.9388650923692 0.37194549098739 0
8.1482293629485 0.36042695183216 0
6.6902489356697 0.15 0
6.4900941474416 0 0
12.039820062346 8.4880299963265 0
10.960025015468 9.8053299740321 0
11.218274887326 9.6321588789115 0
10.580525336658 9.7679313879829 0
11.837538042003 8.613508937592099 0
11.784821926776 8.831440634579 0
11.352505834136 9.3288946202877 0
11.559946088024 9.0165937086258 0
13.008448535961 7.4686187938094 0
13.165262180835 7.1885931662507 0
13.315491097763 6.906351918733 0
12.720845207907 7.4621130368248 0
12.022905236243 8.252150846146399 0
12.553315229316 7.7004233005228 0
12.378236473193 7.927194989203 0
12.186750816991 8.1100427555702 0
13.132798387838 6.6243428229838 0
13.279051905712 6.3412461643823 0
8.556612372623899 0.25855646975871 0
9.1098769984209 0 0
8.9218430994723 0.31708703274043 0
9.6710194512812 0 0
10.429832533024 0 0
11.435808046667 0 0
12.867143089403 0.6076433351625899 0
11.935816618969 0.68155198528299 0
13.524524585675 5.7630032278737 0
13.406497885676 6.0322841866035 0
13.146982112296 6.1020605703721 0
13.359156138852 5.5179354499596 0
13.754573960365 1.7162571210231 0
13.376042872261 1.1817222569483 0
13.713014465348 2.176007429826 0
13.515450852396 2.4717339588014 0
13.672237667024 2.7617614280754 0
13.603012543982 4.9366914173197 0
13.396423925382 5.1869281314524 0
13.629785610086 4.5960641865513 0
13.555855081447 4.2084902023356 0
13.671231223128 3.1835529191984 0
13.609613079004 3.7467287338536 0
10.307968548935 10.076562062224 0
10.125096143129 9.78013603346 0
10.231615995654 9.445818601035899 0
9.0926547942355 11.92994672213 0
9.352259532516999 11.727542011711 0
9.608711178915501 11.51836227422 0
10.08197525404 10.726865811193 0
10.13189412642 10.400406395809 0
9.8054037216446 10.960025141313 0
9.619751209066999 11.200468118716 0
8.829594157785801 12.125933655137 0
8.563245041928599 12.315471341036 0
8.2937682117159 12.498536268313 0
8.3622015450853 0.45711519563492 0
7.6007816954998 0.6 0
7.8715515423467 0.62209341883089 0
8.1134983786198 0.58435128494071 0
6.4826440559327 0.15 0
6.2750391761957 0.15 0
6.2608510761295 0 0
11.736692718772 8.310419526126701 0
10.884235082564 9.385062467732499 0
11.500570844392 8.608084412783199 0
11.20667466097 8.978581955024 0
12.845657002906 7.1752422028469 0
12.975063931141 6.9087506751124 0
12.472786623259 7.4446770358795 0
12.572352552109 7.2402532453943 0
11.919408332667 8.0800807544941 0
12.245575459774 7.56529460946 0
12.075091702889 7.831907605695 0
12.825839837749 6.6489090791291 0
12.925020108816 6.3294036607653 0
8.711056828921601 0.58716311287263 0
9.382554657303899 0.41192722308077 0
9.0820588489575 0.64487539073045 0
10.005528032135 0.56821069915115 0
10.931789333687 0.797606473618 0
12.479810820464 1.3301219774131 0
11.636148257596 1.3565840986485 0
13.15348876397 5.7732841211583 0
12.919554610903 6.0098996503655 0
13.072574538895 5.4002317055524 0
13.099843607332 2.1034332210573 0
13.227839600336 2.8312139989728 0
13.300321736748 4.7906220546812 0
13.092919028171 5.0640806964971 0
13.309040610404 4.4336382585908 0
13.097536968056 4.0601791668371 0
13.097328680108 3.4290744444338 0
9.852906673174999 10.103459695276 0
9.7976695056501 9.7714895624284 0
9.883400833752299 9.489937675808401 0
9.9708511741521 9.2050807544941 0
9.661838856029799 9.4024355938197 0
8.833451536160799 11.780043882863 0
9.019529926248801 11.555137149317 0
9.323858737959601 11.337002096213 0
9.7679313879829 10.580525336658 0
9.385062467732499 10.884235082564 0
8.4718184664686 12.047443177749 0
8.6062720039313 11.84295176747 0
8.274880867001199 12.241987298128 0
8.0213550542097 12.675088287436 0
8.0319515811277 12.409552650696 0
7.7462617349174 12.845054656721 0
8.416765863954501 0.80606105479366 0
7.7507816954998 0.85980762113533 0
8.0738402094011 0.8708127912878 0
6.0674342964588 0.15 0
5.8598294167218 0.15 0
6.001454175595 0 0
0 15 0
12.565504540416 6.9096026836074 0
12.252760647345 7.2087768135287 0
11.769408332667 7.8202731333588 0
11.951170802043 7.4885593920836 0
12.530812220534 6.4724455531768 0
12.6401017061 6.10692176541 0
8.8822211271673 1.0374892217843 0
9.465943852449501 0.93383182469758 0
10.142779429027 1.2606397828709 0
10.934420189479 1.7140160880398 0
11.841958774013 2.1292878520072 0
12.668713847399 5.6791661498793 0
12.764745529595 5.1799956843676 0
12.42875544723 2.8926925312457 0
12.812677978969 4.6167196400335 0
12.544698553979 3.8808181302995 0
9.445818601035899 10.231615995654 0
9.6291720842272 9.601548661253601 0
9.4926369308738 9.880668194336501 0
9.7564130302253 9.2317926879177 0
9.5891564428244 9.2740156962725 0
9.8208511741521 8.9452731333588 0
9.485548726346799 9.4222367082352 0
8.608084412783199 11.500570844392 0
8.978581955024 11.20667466097 0
8.2391388935851 12.021287686932 0
8.310419526126701 11.736692718772 0
8.0432759966871 12.162949062051 0
7.7757737020408 12.563250394878 0
7.7802675674832 12.316585916938 0
7.4686187938093 13.008448535961 0
7.5035811942657 12.718762609503 0
6.0443472404583 13.728287090412 0
7.1885931662507 13.165262180835 0
6.9063519187329 13.315491097763 0
6.6220027011208 13.459163429662 0
6.3347428351856 13.596728768791 0
8.3661935019454 1.1922993553419 0
7.9242502740403 1.1602640126843 0
5.6522245369848 0.15 0
5.7079371169469 0 0
0.27859453102435 14.99741261309 0
0.60545499679169 14.987775827215 0
0.94784617791951 14.970022966683 0
1.2891005220411 14.944504670416 0
1.6285244202695 14.911334890364 0
1.9658143653477 14.870627891283 0
2.3004442156562 14.822548917465 0
0.19635571502214 14.813440617206 0
0 14.724412241556 0
12.134602472826 6.7108238156718 0
11.827332080984 7.1022269126041 0
11.595939754127 7.5198167418098 0
12.149287001654 6.0410536036003 0
8.7180052257778 1.588026405356 0
9.4199825832141 1.5103158057415 0
10.038717925123 2.0131988601086 0
10.817513639844 2.5246195608623 0
11.497219456147 2.9835474867837 0
12.193307422771 5.1345293342558 0
11.737695077224 3.7502337027588 0
12.203180911353 4.3884570647076 0
9.2050807544941 9.9708511741521 0
9.3599867209574 9.612494633991099 0
9.216662765186101 9.7700807065257 0
9.4168377640302 9.22445323358 0
9.604344823206 9.0702731333588 0
9.265626685751799 9.3960887103896 0
9.224722129223901 9.2037591818819 0
8.0800807544941 11.919408332667 0
2.6322393633307 14.767237925019 0
2.9606961600123 14.704906604535 0
3.6063052203011 14.560033058274 0
3.2854207598552 14.635778436104 0
3.9232506626395 14.477848743446 0
4.2366379125959 14.389263330607 0
4.5465482367099 14.29436599263 0
4.8528762009473 14.193293929821 0
5.750937513482 13.853761861532 0
5.4546389140525 13.973078197638 0
5.1555213674067 14.086184700983 0
7.796649129305 12.051242840699 0
5.7911430265712 13.556679902364 0
7.5249814141666 12.44387737372 0
7.5789298514579 12.20184147343 0
7.2324140231666 12.840112956915 0
7.3095776589562 12.583185488566 0
6.0746565277974 13.418932380884 0
6.928886045801 12.961164671667 0
6.6492594265571 13.111476159386 0
6.3594972796453 13.279427791117 0
8.155129788746899 1.5601590625829 0
5.6522245369848 0.37663706834385 0
5.4739413552701 0.27436040589652 0
5.3758118543095 0 0
0.43542378687063 14.776581106236 0
0.77331607238948 14.692097192284 0
1.1162839010747 14.652271052946 0
1.466211746756 14.588117276699 0
1.7769859176591 14.574419747769 0
2.1269364159408 14.521671642324 0
2.4433254157049 14.483563668217 0
0.25459882325676 14.53516435112 0
0 14.368100163752 0
11.664458584045 6.5654629847683 0
11.36506023942 7.1199216919112 0
11.498069907298 5.8282839223407 0
8.4651598819033 2.097146935805 0
9.206614703766499 2.1369807267193 0
9.8425572066344 2.8110520287137 0
10.662629703496 3.6300153533598 0
11.287623128292 4.78387104262 0
8.9452731333588 9.8208511741521 0
9.0702731333588 9.604344823206 0
9.318184839527699 9.0241216578303 0
9.460447456027699 8.821035582330399 0
9.036333044704399 9.309134867326801 0
9.0694415089246 9.0551093500777 0
7.8202731333588 11.769408332667 0
2.7707069664043 14.432884590787 0
3.08155383914 14.389755064455 0
2.583432498652 14.205318614656 0
3.7122633723313 14.24848071468 0
3.4028379237225 14.30993572606 0
3.2101776044703 14.127658027836 0
4.3325255565813 14.073908316818 0
4.0208764650543 14.161092169805 0
3.8201435657664 14.00685471929 0
4.6390373545961 13.948593691604 0
4.4155805307995 13.816292966954 0
4.9105012296847 13.867546679862 0
5.5043169402236 13.666027715613 0
5.2251247888485 13.760691154808 0
7.475470760482 11.936553817679 0
5.5916194965966 13.401506080547 0
5.8197358591444 13.25619916629 0
7.2349675463297 12.261329811643 0
6.9952272799166 12.603854254955 0
6.0984729257795 13.096271566332 0
6.6257102222327 12.748870508924 0
6.3758132397183 12.983508055401 0
5.6522245369848 0.66867876679456 0
5.4423429262266 0.54477176296735 0
5.250074819647 0.30070339280825 0
5 0 0
1.2667005080244 14.371821036046 0
0.59020979988456 14.402124807389 0
0.95452837931783 14.347063175549 0
1.9239836129 14.300841418268 0
1.588034167675 14.226680008748 0
2.2527209682688 14.155330234745 0
0.35024935930277 14.118032246103 0
0 13.897297913726 0
11.055030146264 6.5829338186891 0
10.638715064808 5.8618549456503 0
8.8814749633591 2.8182258088437 0
9.4404262170709 3.7863577792269 0
10.079763811096 4.8937229752671 0
8.8210355823305 9.460447456027699 0
9.1333153557536 8.7700994657531 0
9.269052488983 8.4895297750961 0
8.7668992286366 9.135059682377801 0
8.8531899424211 8.8622994781256 0
7.5198167418098 11.595939754127 0
2.8967438508979 14.075419127589 0
2.5536956011076 13.879425825135 0
3.4992798515217 13.972617757708 0
3.1806365100286 13.861246652428 0
4.0880250085064 13.834074697718 0
3.7591151707765 13.759060688257 0
4.3075143321579 13.583237805664 0
4.6554968996618 13.604244641206 0
4.9860679260871 13.596635860829 0
5.2621467539308 13.394040728455 0
7.1037825779095 11.815485670297 0
5.5225524768972 13.110104411859 0
5.8155432458562 12.966526011399 0
6.6558200415851 12.245874853194 0
6.1455022856394 12.670946240369 0
5.8022245369848 1.9848076211353 0
5.6522245369848 1.725 0
5.6522245369848 1.0360229402881 0
5.6522245369848 1.4097161710569 0
5.3527987871307 0.84280624557794 0
5.2307248288265 0.59049889027556 0
4.9817395448936 0.42693220403647 0
1.2138487909934 14.022505032974 0
0.7755291989048499 13.942876274447 0
1.9072552821954 13.922006567711 0
1.5612533151966 13.807048981771 0
2.2330712413685 13.776161437753 0
0.48115833377044 13.562629966185 0
0 13.275218789554 0
8.4895297750961 9.269052488983 0
9.0123089961396 8.0448370009786 0
8.791891169626 8.4739131353308 0
8.5052427492358 8.8667735539087 0
7.1199216919112 11.36506023942 0
2.8970662950384 13.631705717325 0
2.4591387524202 13.432619818738 0
3.4132316226586 13.479381210136 0
3.9601464453012 13.437517079095 0
4.3971911662978 13.213225855305 0
4.8441932894413 13.250572620329 0
5.2035998195657 13.023362718285 0
6.5520431769392 11.641939678647 0
5.486330516562 12.594663631281 0
5.9635021891421 12.063041834693 0
5.7296155532171 2.3590451721636 0
5.9210105202618 2.690550979398 0
5.5857181860387 2.1098076211353 0
5.5339912907937 1.9517564790809 0
5.4795827244813 2.3382817784999 0
5.376256983179 1.5856884182998 0
5.3876936305816 1.8419259879722 0
5.2297196023339 1.2001523849158 0
4.9187835242694 0.89753475775346 0
5.1270899534769 1.5089812269574 0
1.1610630155477 13.429221582245 0
1.8909047188122 13.396200788483 0
0.61736669662272 12.82509559994 0
0 12.453260525956 0
8.667904848361999 7.4483115186904 0
8.0448370009786 9.0123089961396 0
8.3352903187681 7.8978949212661 0
8.0860412543152 8.448074789287601 0
6.5829338186891 11.055030146264 0
2.8999749478053 13.070592066356 0
2.3058095986435 12.915184082399 0
3.7958013714099 12.756122217489 0
4.6867177181831 12.620372743527 0
5.8308488781715 11.376042875089 0
5.1104682359552 11.848783729575 0
6.1777540131052 3.1352437535155 0
6.5221581608827 3.7317692358037 0
5.6879777584049 3.1556132890002 0
5.5104915384859 2.6737878804957 0
5.311063158257 2.1092506165379 0
5.26702107817 2.4369945383471 0
5.0416107744024 1.8186629890218 0
4.7971618745181 1.4096942752492 0
0 11.435808046667 0
1.609539065824 12.493783764787 0
0.7140164177416 11.930017411222 0
8.205910412938501 6.6481136837229 0
7.9534473765683 7.2799617370678 0
6.9841525963062 4.5319670707712 0
7.5950315046224 5.590040377247 0
7.4483115186904 8.667904848361999 0
7.4172269969476 7.7682048500726 0
5.8618549456503 10.638715064808 0
2.6694905083559 12.182723973632 0
3.9605939991148 11.665279301657 0
4.9141296987074 11.008885400789 0
0 10.429832533024 0
6.0779161129579 4.4599519765941 0
5.874889517469 3.7345442622236 0
5.4079499000136 3.5586023075348 0
5.2355542463361 3.1158006252898 0
5.1353593862783 2.725544395852 0
4.8986085833478 2.33810802035 0
4.6155238013358 1.9227428427385 0
0.68344154381464 10.941457934266 0
1.608984991132 11.463793291459 0
7.1409043058252 6.6372837115869 0
6.4764298690293 5.4620901575848 0
6.6481136837229 8.205910412938501 0
6.5106187026848 7.316157267402 0
4.8937229752671 10.079763811096 0
2.5065268240724 10.916933807303 0
3.8114799210875 10.449582295709 0
0.57734760207639 10.121070803751 0
0 9.6710194512812 0
5.2719759716466 5.1457075232066 0
5.337795987397 4.1535340967827 0
4.9035319904611 3.6335192643777 0
4.6792676431298 2.9394283808189 0
4.3792019888167 2.4130043392301 0
1.4013736089183 10.331314675397 0
0.91317027475601 9.6609266150303 0
4.2035078837027 5.1953801657545 0
5.8276654178198 6.3964179591341 0
5.590040377247 7.5950315046223 0
4.5125688580636 5.9961503186597 0
2.0522560595687 9.794154374220399 0
3.7863577792269 9.4404262170709 0
2.8888868886285 9.7811841557452 0
0.44330342850003 9.442435722620001 0
0.80679806584362 9.1495058954442 0
0 9.1098769984209 0
3.5184869685907 5.2151965781759 0
4.4679476725557 4.3564279879362 0
3.7581411036475 4.6662184953771 0
4.2213619606956 3.580997859633 0
4.0564923364925 2.923160947327 0
1.4678879670081 9.420865901747399 0
3.1315586436367 5.6408475553442 0
3.7025778051341 5.7923297546449 0
4.5319670707712 6.9841525963062 0
3.7317692358037 6.5221581608827 0
2.2095130995408 9.157423402911 0
2.8182258088437 8.8814749633591 0
1.1250311317828 8.773047611987799 0
0.36250535130802 8.942214954685101 0
0.63435035054688 8.708080778342699 0
0 8.6888988906062 0
2.7007661235646 5.5109785907518 0
3.0199224083372 5.2061521961873 0
3.2669102334769 4.8435028762898 0
2.885511028287 4.898537572924 0
3.6778542797198 4.0579126544342 0
3.3551858903622 4.4686536149074 0
3.5355339059327 3.5355339059327 0
2.3590451721636 5.7296155532171 0
1.6261216637941 8.702910684101299 0
2.690550979398 5.9210105202618 0
3.1352437535155 6.1777540131052 0
2.097146935805 8.4651598819033 0
1.1972652918086 8.3477896105792 0
0.82910744239635 8.4071569587871 0
0.29058038345491 8.554491506492001 0
0.50651334341129 8.366458842055399 0
0 8.3730743324109 0
2.3926597837621 5.3976212894017 0
2.6166884425713 5.1011608099149 0
2.320249130877 5.120395334575 0
2.9020338506812 4.530436820459 0
2.6461750401698 4.7621308961089 0
2.9231609473272 4.0564923364924 0
2.1098076211353 5.5857181860387 0
1.5601590625829 8.155129788746899 0
1.1602640126843 7.9242502740403 0
0.87407161460887 8.0790965657198 0
0.63741292221964 8.1684683440374 0
0.24011325546327 8.2482212408517 0
0.42084221743179 8.098286904809401 0
0 8.1362098125863 0
2.1275747255555 5.270893729959 0
1.9664062665844 5.3901323707233 0
2.3515355830012 4.8123097894556 0
2.1156016141099 5.0152837600646 0
2.4130043392279 4.379201988818 0
1.9848076211353 5.8022245369848 0
1.9154099011911 5.5581728887261 0
1.7857282233148 5.4295282489788 0
0.85980762113533 7.7507816954998 0
0.590338012844 7.8841280400643 0
0.19667552407053 8.022331162717901 0
0.354000246582 7.9001137991298 0
0.43537195446715 7.7459724048781 0
0 7.9306692732621 0
1.8091933872188 5.1048638839461 0
1.9227428427373 4.6155238013363 0
1.5213530185553 5.1570518691762 0
1.725 5.6522245369848 0
1.5793447020207 5.3736606187596 0
0.6 7.6007816954998 0
0.16652498585185 7.8196555997659 0
0.29847414445858 7.7389089340479 0
0.37937631907675 7.6007816954998 0
0 7.7251287339379 0
1.4096942752491 4.7971618745181 0
1.2309114201762 5.2622852869667 0
1.4097161710569 5.6522245369848 0
0.15 7.6007816954998 0
0 7.5195881946138 0
0.8975347577529 4.9187835242695 0
0.8957580426851 5.3667675960744 0
1.0360229402881 5.6522245369848 0
0.15 7.3315095846291 0
0 7.3140476552896 0
0.61869919024089 5.2771286719215 0
0.44698333010219 5.4654464530089 0
0.42693220403582 4.9817395448936 0
0.66867876679456 5.6522245369848 0
0.15 7.1054586951436 0
0 7.1085071159654 0
0.37663706834386 5.6522245369848 0
0.29709055400124 5.2639941663085 0
0.27381107113042 5.4816603528447 0
0 5 0
0.15 6.8978538154066 0
0 6.9029665766413 0
0.15 5.6522245369848 0
0 5.3758118543095 0
0.15 6.6902489356697 0
0.15 6.4826440559327 0
0 6.6974260373171 0
0.15 5.8598294167218 0
0 5.707937116947 0
0.15 6.0674342964588 0
0.15 6.2750391761957 0
0 6.4900941474416 0
0 6.001454175595 0
0 6.2608510761295 0
2 2 0 150
493
605
606
607
609
626
631
727
728
734
735
736
740
742
745
746
747
748
749
750
751
752
753
754
755
756
757
831
841
844
849
859
860
861
862
863
864
865
866
867
883
884
887
943
944
945
946
947
948
949
950
951
952
953
954
959
960
961
962
963
964
965
966
967
968
969
970
993
994
995
996
997
1000
1001
1002
1003
1034
1073
1074
1075
1076
1107
1108
1109
1110
1111
1117
1118
1145
1148
1258
1259
1262
1268
1269
1293
1339
1340
1343
1346
1347
1348
1349
1350
1351
1352
1353
1354
1355
1356
1357
1358
1359
1363
1365
1366
1367
1368
1369
1370
1371
1384
1385
1386
1387
1388
1389
1390
1391
1392
1430
1431
1432
1433
1434
1435
1436
1437
1438
1439
1440
1441
1442
1443
1444
1445
1446
1447
1448
1449
15.25 -7.002367857e-15 0
15.247459918686 0.27832719603603 0
15.123718132944 0.13923043176509 0
15.237958641473 0.60590134574253 0
15.219999274017 0.95609732711208 0
15.037419546324 2.5374225875536 0
14.913680350781 3.1850648964709 0
15.194827825817 1.2960352401798 0
15.165956253088 1.5988342407622 0
15.135077123731 1.8686734489239 0
15.102888883558 2.1131131940605 0
15.070234946063 2.3346345903483 0
14.223886664003 5.4994134386852 0
14.364558103109 5.1207392535071 0
14.558701871005 4.539460301754 0
14.926885973494 2.4802696571998 0
14.936988532598 2.5966075291101 0
15.00114412538 2.7437519803302 0
14.960072558686 2.9595150006139 0
14.802482238111 3.1277013816642 0
14.800852780378 3.2542256247317 0
14.861390798067 3.4207548212521 0
14.803834364752 3.661828518785 0
14.621506624728 4.3329024940612 0
14.744357450461 3.8944092457059 0
14.683481986487 4.1179918349236 0
14.663363745015 3.7738202684255 0
11.838030612871 9.613715785726299 0
14.149801910614 5.6873197457477 0
14.073234983601 5.8742282128248 0
13.91270855238 6.2449211953816 0
14.109695890122 5.5399584213191 0
14.295476254415 5.3105422189689 0
14.147496046822 5.4102892526666 0
14.255526724197 5.150628928028 0
14.431120051921 4.9300379356601 0
14.275887838283 5.0157128722292 0
14.495312251948 4.7379766481617 0
14.47632232681 4.4178844653851 0
14.457985238943 4.5542261276511 0
11.012681577782 10.549092115741 0
10.783378413095 10.783378413095 0
10.133325137492 11.396412666181 0
11.215967748023 10.332694105378 0
11.39641266618 10.133325137492 0
11.256316746561 10.117195756231 0
12.272433890196 9.0526165505213 0
12.423115173778 8.8446995075603 0
11.556781191114 9.950040628093699 0
11.699603646016 9.781706115302001 0
12.124577338266 9.249709420754799 0
12.12044118535 9.0760751883595 0
11.979727252851 9.436558427058401 0
11.710526303649 9.5849056135295 0
11.811915811401 9.4955108768534 0
13.047682956677 7.8943314765746 0
12.889295217804 8.150372309795999 0
12.576560994776 8.625115277182401 0
12.732135225954 8.3937615279452 0
13.619469039397 6.8609447662041 0
14.023245897403 5.7120642360652 0
13.994199272195 6.0601061649205 0
13.963317296547 5.8853745000215 0
13.852358633329 6.1591781445288 0
13.728343459039 6.6404130798209 0
13.825638378227 6.4353883670295 0
13.775204868195 6.2688911459185 0
9.436558427058801 11.979727252851 0
9.950040628093699 11.556781191114 0
9.7817061153021 11.699603646016 0
9.613715785726599 11.838030612871 0
10.549092115741 11.012681577782 0
10.332694105378 11.215967748023 0
9.9595934857791 11.405603733714 0
10.079934178057 11.278797183556 0
9.052616550521799 12.272433890195 0
8.8446995075607 12.423115173778 0
13.206887407713 7.625 0
13.360618963572 7.3523031024455 0
13.49747882262 7.0979268404879 0
13.478000978826 6.8884584991671 0
9.2497094207553 12.124577338266 0
9.467687335399001 11.831631202352 0
9.3197739019931 11.918684905462 0
9.8057422838992 11.544089727784 0
9.619673795836301 11.695427434249 0
9.027877563780899 12.145811897037 0
8.889945730763399 12.254697336839 0
8.7505199430442 12.339155700313 0
8.6251152771828 12.576560994775 0
8.3937615279455 12.732135225954 0
8.1503723097962 12.889295217804 0
7.8943314765747 13.047682956677 0
6.2449211953822 13.91270855238 0
6.43538836703 13.825638378227 0
6.045767291e-15 15.25 0
2.3346345903478 15.070234946063 0
2.5374225875536 15.037419546324 0
2.7437519803305 15.00114412538 0
3.4207548212534 14.861390798067 0
3.1850648964719 14.913680350781 0
3.8944092457075 14.74435745046 0
4.1179918349253 14.683481986487 0
4.3329024940628 14.621506624727 0
4.5394603017555 14.558701871004 0
4.7379766481632 14.495312251948 0
6.0601061649212 13.994199272194 0
5.8742282128256 14.073234983601 0
5.6873197457487 14.149801910614 0
4.9300379356615 14.43112005192 0
5.4994134386863 14.223886664003 0
5.31054221897 14.295476254415 0
5.1207392535083 14.364558103108 0
7.625 13.206887407713 0
6.1055267271869 13.867937871083 0
7.3523031024457 13.360618963572 0
7.0979268404882 13.49747882262 0
6.6404130798214 13.728343459039 0
6.8609447662045 13.619469039397 0
6.286990337475 13.780404529294 0
6.4918617175455 13.684122144445 0
0.27832719603587 15.247459918686 0
0.13923043176506 15.123718132944 0
0.60590134574216 15.237958641473 0
0.95609732711142 15.219999274017 0
1.296035240179 15.194827825817 0
1.5988342407614 15.165956253088 0
2.1131131940598 15.102888883558 0
1.868673448923 15.135077123731 0
2.2577865941673 14.982085818988 0
2.4448512599711 14.954543489782 0
2.6532857184694 14.919024569685 0
2.9595150006145 14.960072558686 0
2.7813988158895 14.886626500791 0
3.6618285187865 14.803834364752 0
3.4528366935049 14.72922488528 0
3.2898741473284 14.785087769206 0
3.1361141928565 14.799905143862 0
3.9835727957596 14.617145076094 0
3.8138732886388 14.640643738605 0
4.1729735665754 14.555790066046 0
4.4073310293371 14.487304151139 0
4.5931241012497 14.437702755965 0
4.7860323919695 14.369170500004 0
5.9288522404049 13.937262657828 0
5.7156353037444 14.023196289092 0
5.537934990674 14.110155725684 0
5.009831881971 14.29032607502 0
5.3657957097691 14.170661273867 0
5.200746047297 14.232616453246 0
2 3 0 417
108
109
110
111
143
156
157
162
163
164
167
168
169
170
171
172
173
198
226
227
228
229
230
231
232
235
237
238
239
240
241
242
243
244
245
246
256
272
273
274
304
305
306
307
308
309
310
312
313
314
315
316
317
318
319
320
321
322
323
324
327
328
333
334
335
336
341
342
345
363
364
365
366
369
392
403
404
405
406
407
408
409
410
411
412
413
414
415
416
417
418
419
420
421
424
425
426
427
428
429
430
431
432
433
461
464
465
466
467
468
471
490
491
492
494
495
496
497
498
499
504
505
506
507
508
509
510
511
512
513
514
515
516
517
518
519
520
522
526
527
528
529
530
531
532
535
536
543
546
570
571
574
575
576
577
578
581
582
583
598
603
604
610
611
612
613
614
615
616
617
618
619
620
621
622
623
624
625
627
628
629
630
632
633
634
635
636
639
640
641
645
646
647
648
649
653
654
655
656
657
658
659
665
669
670
695
696
699
700
701
702
703
704
705
706
707
708
709
719
720
721
722
725
726
737
738
739
741
743
744
760
761
762
763
764
765
766
767
768
769
770
771
775
776
777
778
779
780
781
782
783
784
785
786
787
789
794
795
796
821
822
823
824
825
826
827
828
829
830
836
837
838
839
840
842
843
845
846
847
848
874
875
876
877
878
879
880
881
882
885
886
888
891
892
893
894
895
896
897
898
899
901
902
904
909
910
911
912
915
955
956
957
958
991
992
1007
1008
1009
1010
1011
1012
1013
1014
1015
1016
1017
1020
1022
1027
1028
1029
1030
1031
1035
1119
1120
1121
1122
1123
1124
1125
1126
1127
1128
1129
1130
1131
1132
1133
1134
1135
1136
1137
1138
1139
1140
1141
1142
1143
1144
1146
1147
1150
1154
1155
1156
1157
1175
1176
1177
1178
1179
1232
1233
1234
1235
1236
1237
1238
1239
1240
1241
1242
1243
1244
1245
1246
1247
1248
1249
1250
1251
1252
1253
1254
1255
1256
1261
1263
1264
1265
1266
1267
1283
1284
1285
1286
1287
1288
1289
1290
1291
1292
1341
1342
1344
1345
16.733200530682 3 0
16.388027910664 2.9381159714094 0
16.126923735152 2.8913040943211 0
15.925821511002 2.8552496245654 0
15.661506474268 5.6495308848266 0
15.411977686696 5.5595190718279 0
15.219790816947 5.4901920464814 0
16.122334597306 5.3916905634991 0
15.841160735824 5.457176925258 0
15.601610591847 5.374998616841 0
15.770932073659 2.827480381546 0
16.658309806324 3.3912703219493 0
16.446037971142 3.1990288358564 0
16.189405980394 3.147868376577 0
15.97417607417 3.0480172286205 0
15.8058002249 2.9710123404036 0
16.561925197485 3.8344013552189 0
15.991376746189 5.7685240539874 0
15.07176800792 5.4367961977085 0
15.377769337022 5.3413999799015 0
15.18861690757 5.3150977218633 0
16.420739046914 4.3999237667428 0
16.260327690142 4.9600144565503 0
15.828975269512 5.1011405071361 0
15.510140524058 5.1335816651315 0
15.645510759333 2.8049943100806 0
15.682162175369 2.9073166338694 0
15.590142291942 2.869234695063 0
16.261245627647 3.5178895093462 0
15.952732554007 3.2918646996111 0
15.795403911734 3.14392618413 0
15.685768389219 3.0436949649753 0
16.025611232467 3.9986914405975 0
12.520673592375 10.567404663324 0
12.723390502859 10.738497025837 0
12.991376746189 10.964676476694 0
10.435629464521 12.364541192382 0
12.364541192382 10.435629464521 0
12.318657145951 10.633381101256 0
12.244287626374 10.33413587595 0
14.951906927806 5.393559049666 0
15.04386183815 5.2907061962943 0
15.293715748278 5.1651571680272 0
15.124795697104 5.166334742767 0
15.347079326341 5.0089834838822 0
15.872553773906 4.5909724157249 0
15.547583494539 4.8682344677534 0
15.530065376426 2.7653785569872 0
15.43063199694 2.6914657940345 0
15.584612490667 2.9636831791909 0
15.505183580337 2.8819470328707 0
15.573411335596 3.0613438823424 0
15.859555667989 3.5860369814366 0
15.713452312982 3.3349837178326 0
15.623540617957 3.1774253354175 0
15.644685743187 3.8364313489195 0
15.563402486665 4.2262505991136 0
12.454637584138 10.822956402202 0
12.646354961762 10.990743133843 0
12.730508295988 11.26650604783 0
10.33413587595 12.244287626374 0
10.493502016918 12.222861989731 0
11.26650604783 12.730508295988 0
10.973818592672 12.650335655315 0
10.803987892699 12.464363941665 0
10.628505181599 12.338908767817 0
10.567404663324 12.520673592375 0
10.738497025837 12.723390502859 0
10.964676476694 12.991376746189 0
12.209141376418 10.485822593639 0
12.196313593504 10.827283046518 0
12.13156482777 10.644448446244 0
12.12985267369 10.368509959921 0
12.146912617725 10.251951709667 0
15.5 -7.878790223e-15 0
14.832120416913 5.3701446067814 0
14.920308053433 5.2525278620189 0
15.002092151634 5.1744542979552 0
15.190080065912 5.0048843929681 0
15.030368166102 5.0476597232393 0
15.291771569816 4.8251118023886 0
15.458145695423 4.5794366348527 0
15.358584839958 2.5906699078821 0
15.426878162499 2.7915117682054 0
15.355273126703 2.715566643542 0
15.483838466415 2.9982402340746 0
15.415564694074 2.9036337637034 0
15.466915809299 3.1372220127758 0
15.590353582482 3.5553624765584 0
15.501325780888 3.323760599922 0
15.424816723991 3.7182228375726 0
15.369738809996 3.9475057009706 0
15.262594511115 4.4062835287152 0
15.245566105301 4.1590173401312 0
12.331861679635 11.161079716651 0
12.425662367582 11.601849625248 0
10.251951709667 12.146912617725 0
10.393002328164 12.121277006225 0
10.6298155156 12.180048989198 0
10.5362403006 12.088531125576 0
12.020815280171 12.020815280171 0
11.601849625248 12.425662367582 0
11.11303750396 12.332803104759 0
10.803003208929 12.219598323467 0
11.984419286866 11.005215436974 0
12.065944792341 10.498830713941 0
11.994944565067 10.756645583933 0
11.993788074043 10.605025521884 0
12.063945862804 10.285056783949 0
12.006647638658 10.387048720047 0
12.066742631137 10.159921990316 0
15.497708802327 0.26649930257368 0
15.376423909591 0.13627683059985 0
15.489182323986 0.57899130763299 0
15.473228530859 0.91060355358671 0
15.389307050188 1.8491156034793 0
15.362242714871 2.0619162857385 0
15.339603294846 2.2240887474975 0
15.320838365425 2.4726644116346 0
15.320725435014 2.3506110152276 0
14.709052202818 5.3844382474187 0
14.81294745959 5.2368022342682 0
14.736075388919 5.2914755027789 0
14.883068090151 5.1118958750373 0
14.909100888194 4.9714580472422 0
15.044037353084 4.8584194742542 0
15.1637034836 4.630712360621 0
15.215332409752 2.5815809954673 0
15.272881885019 2.6842672723753 0
15.292249953322 2.8169079246274 0
15.316517380363 3.0120609482157 0
15.301783552077 3.2356447216552 0
15.311604631818 3.5002533885898 0
15.20770085247 3.7515612728247 0
15.000558777293 4.4549174211139 0
15.118479364065 3.9988357620695 0
15.05939133143 4.2370657185676 0
10.159921990317 12.066742631137 0
11.881182291052 11.434294472674 0
10.303298114952 12.027170550993 0
10.438885950897 11.997898126951 0
10.701944879495 12.033195167273 0
10.559281744277 11.973383087033 0
11.391776134222 11.877440330696 0
10.949599093928 11.960343908749 0
5.6495308848266 15.661506474268 0
5.7685240539875 15.991376746189 0
5.5595190718279 15.411977686696 0
5.4901920464814 15.219790816947 0
11.660866326135 11.037165191323 0
11.824130926227 10.820425712859 0
11.92354028167 10.499629901491 0
11.839201434065 10.637266899608 0
11.968154359015 10.260113097109 0
11.908119223709 10.371671320741 0
12.017587129461 10.046196542999 0
11.946731180769 10.148744652826 0
11.941456638826 10.007102533547 0
11.921013064409 10.067999994788 0
14.398051638414 5.7398701220107 0
15.450131848649 1.2423469158678 0
15.420141323875 1.5713820514876 0
15.268752303414 1.7743359423671 0
15.25707257531 1.9653314632143 0
15.258253076155 2.132354451797 0
15.219613525777 2.2543057403936 0
15.173651175591 2.4597165556023 0
15.225912006852 2.3707549155076 0
14.596259591523 5.4357064669331 0
14.576838592653 5.3521212246288 0
14.443442938742 5.6246738639044 0
14.504567437549 5.519028987204 0
14.619356873407 5.2722625610294 0
14.758454327816 5.1343167049264 0
14.704955727492 5.2186949592959 0
14.755020216327 5.0082239712502 0
14.833010615304 4.8310911924301 0
14.925112996877 4.6601053010883 0
15.151557041034 2.7154452912639 0
15.120225909903 3.1031006954351 0
15.135055954383 2.8896660999247 0
15.09424566313 3.3366525057303 0
15.05582473763 3.5722885706716 0
14.77556719116 4.4922137772357 0
14.971704881431 3.8229743523796 0
14.840455756467 4.2814932379148 0
14.900032519208 4.0589227442206 0
10.221940893649 11.937277416248 0
10.124922983811 11.948160573943 0
10.046196542994 12.01758712946 0
11.33176270343 11.333195420385 0
10.357551179314 11.891862832368 0
10.481889034109 11.871395864771 0
10.672715128093 11.80133313459 0
11.022644788057 11.643821703391 0
3 16.733200530682 0
2.9381159714094 16.388027910664 0
2.8913040943211 16.126923735152 0
2.8552496245654 15.925821511002 0
5.3783967371776 15.605173862633 0
5.460415109448 15.842565534225 0
5.3916905634991 16.122334597306 0
5.3442031681813 15.37233780634 0
5.4367961977085 15.07176800792 0
5.3212042103049 15.192142679701 0
11.346981583167 10.931916922544 0
11.596721166067 10.697943182503 0
11.746460034178 10.432282958394 0
11.841086511257 10.248067926485 0
12.005589181124 9.922886952168099 0
12.031900768767 9.801815206295201 0
11.83333874708 10.105539788818 0
11.892223908748 9.951036007499599 0
11.878648174268 10.026684322412 0
12.092831923515 9.696051571109701 0
12.265560524233 9.476604087245001 0
12.170056160506 9.598944371655699 0
11.97214970979 9.70350781866 0
14.304505455008 5.641385450921 0
14.34000801738 5.8833808360053 0
14.262698006783 6.068397281599 0
14.240244135221 5.7946301671679 0
14.166024686757 6.2907666125992 0
14.059582517276 6.5251926745418 0
14.482541426511 5.4041876693827 0
14.490179505873 5.2595085480291 0
14.371605443053 5.5024053680103 0
14.598476640751 5.1124356990836 0
14.62249992953 4.8938015131528 0
14.705673030502 4.6829723054707 0
10.267311475329 11.80404375944 0
10.137314072682 11.83038977621 0
10.058217522201 11.890110827529 0
9.980259682385499 11.906754996854 0
9.9228869521659 12.005589181124 0
9.696051571109701 12.092831923515 0
9.8018152062946 12.031900768768 0
11.085889822645 11.077381895917 0
11.052613577031 10.836224174831 0
10.932997437753 11.330347393931 0
10.432334514942 11.713570866219 0
10.664921447944 11.520390071525 0
2.827480381546 15.770932073659 0
3.3912703219493 16.658309806324 0
3.1844555603939 16.44397551767 0
3.1338368169094 16.198785088258 0
3.0506881821374 16.004642912391 0
2.9862376173933 15.83127542073 0
5.1477254260282 15.506744983168 0
5.1139333077491 15.832435990728 0
4.9600144565503 16.260327690142 0
4.3999237667429 16.420739046914 0
3.8344013552189 16.561925197485 0
5.1681816172424 15.298196659151 0
5.007502097438 15.365434676349 0
5.393559049666 14.951906927806 0
5.3074363963749 15.04751499627 0
5.1729398255812 15.141900158958 0
5.3006511511504 14.938236943402 0
11.283907208764 10.624666268378 0
11.475336459363 10.402219024362 0
12.387498574072 9.3166452694822 0
12.542428190507 9.107002530249501 0
11.643074561379 10.166678163151 0
11.865946559125 9.8234425561234 0
11.769478990396 9.9750636732476 0
12.238461758636 9.3064480292848 0
12.031393035125 9.581685143621 0
12.135562551217 9.4413328875162 0
13.833028768752 6.9926615163953 0
13.256302391634 8.0324620697239 0
12.724121021384 8.851369624705701 0
13.083915076766 8.310304823769499 0
12.906352206362 8.583476727138599 0
14.164574113012 5.9746792755992 0
14.077060262893 6.1673329910775 0
13.948672533842 6.759033551007 0
13.763184869267 6.8512483516783 0
13.986976032587 6.3616328421978 0
13.907648183481 6.5422923680697 0
9.598944371655699 12.170056160506 0
9.476604087245001 12.265560524233 0
10.187416716059 11.647117906159 0
9.9971394290618 11.770082095572 0
9.893027373228501 11.85650011237 0
9.5785975768421 12.031538552011 0
9.783144687227299 11.900470642287 0
9.695931124022399 11.97778154393 0
10.837925788261 11.050449395734 0
10.623583363302 11.262682918848 0
10.395524242684 11.459242427955 0
9.3166452694822 12.387498574072 0
2.8049943100807 15.645510759333 0
2.9469583616598 15.687690244586 0
3.1366641995052 15.866200170064 0
3.4740914666334 16.25215894379 0
3.2640807115434 15.988372232391 0
3.1003356801471 15.732006306239 0
4.8781691402147 15.550125451054 0
4.59845561669 15.923547632867 0
3.97310969466 16.04137763943 0
5.0155149759209 15.210619650391 0
4.8247786790289 15.299991833572 0
5.3701446067815 14.832120416913 0
5.0652576165354 15.068361943718 0
5.1777149902005 14.972649501342 0
5.2513992819879 14.858629649648 0
5.3053642824696 14.775706972584 0
9.107002530249501 12.542428190507 0
13.423393758659 7.75 0
13.576569954725 7.4784188345172 0
13.711696813175 7.2276808523597 0
13.684971662642 7.0060924654251 0
9.4442233649697 12.136488181395 0
9.3066379772019 12.239049093132 0
2.7653785569873 15.530065376426 0
2.9083652656533 15.559303268743 0
3.0543328230672 15.587079797372 0
2.5906699078751 15.358584839954 0
3.2819788063049 15.774703978569 0
3.5374858057587 15.87236712497 0
3.1940387405143 15.633246446977 0
4.5530481634043 15.455888343561 0
4.1879476050149 15.605907405191 0
3.7836273256112 15.63625692348 0
4.5898073848171 15.177951829925 0
4.8657250169853 15.063224886929 0
5.3844382474199 14.709052202814 0
5.0252831637831 14.921937230187 0
5.1468895304007 14.857288889289 0
5.2079693727406 14.767812147949 0
5.2862854777645 14.710323403305 0
5.3270260229538 14.648450479117 0
8.851369624705599 12.724121021384 0
2.4726644116345 15.320838365425 0
2.6914657940323 15.430631996938 0
2.7896627748605 15.411512637229 0
2.8702881283197 15.451406686538 0
3.0081827529073 15.44766067601 0
3.1681161375217 15.462571841674 0
2.5872166678818 15.276190208911 0
2.6602833110978 15.312275456103 0
3.4204303998189 15.554844073655 0
4.2779067795588 15.242308828734 0
3.9596961331288 15.362269648122 0
3.6875015528692 15.390808536937 0
4.2068936458418 14.992522940822 0
4.4313145457212 14.993154101262 0
4.6590419886262 14.918012927014 0
6.2907666125994 14.166024686757 0
6.0683972815992 14.262698006783 0
5.8833808360054 14.34000801738 0
4.8586033685017 14.831145381974 0
5.7398701220107 14.398051638414 0
5.4357064669354 14.596259591519 0
5.6246738639045 14.443442938742 0
5.5190289872041 14.504567437549 0
5.0592767706643 14.739315334812 0
5.2141670642594 14.638913666757 0
5.3172528356293 14.566591522974 0
8.5834767271385 12.906352206362 0
8.310304823769499 13.083915076766 0
8.032462069723801 13.256302391634 0
6.7590335510068 13.948672533842 0
6.9926615163952 13.833028768752 0
6.5251926745427 14.059582517276 0
6.3304257596945 14.009437158899 0
2.3506110152276 15.320725435014 0
2.2240887474976 15.339603294846 0
2.0619162857386 15.362242714871 0
1.8491156034793 15.389307050188 0
7.873180618999999e-15 15.5 0
2.4108099704988 15.18711234433 0
2.5361013486382 15.202579798657 0
2.7544650038363 15.306200617882 0
2.8443439166567 15.346926104425 0
2.9345238097102 15.349786044763 0
3.0651080718092 15.290679677029 0
3.2868485905363 15.288407884918 0
2.6723931056224 15.191338528295 0
3.5074260698876 15.253629492305 0
4.0166399789831 15.108467532252 0
3.7653804035059 15.182274510262 0
3.3492942878614 15.076031436146 0
4.0573228214659 14.884691629018 0
4.2726091917844 14.824082914898 0
4.4886979312618 14.768922064004 0
4.6968590656209 14.698073945117 0
6.1558599489184 14.083231659857 0
5.9730559069305 14.1654190244 0
5.7963629973134 14.239142206586 0
4.8912842808967 14.616138867963 0
5.6405560389761 14.304519071347 0
5.380106972667 14.46500420832 0
5.4957202534013 14.372816095729 0
5.0707406140678 14.541971159567 0
5.2295961437024 14.484312415481 0
7.75 13.423393758659 0
7.4784188345172 13.576569954725 0
7.2276808523596 13.711696813175 0
6.6375902757712 13.86293582378 0
6.8159302125752 13.777512203384 0
6.9990288376046 13.687837129466 0
0.26649930257368 15.497708802327 0
0.13627949197893 15.376309893698 0
0.57899130763296 15.489182323986 0
0.91060355358666 15.473228530859 0
1.2423469158677 15.450131848649 0
1.5713820514877 15.420141323875 0
2.2599509400294 15.213861244549 0
2.1348315985067 15.256776356711 0
1.9714031953728 15.256273710263 0
1.7741526740368 15.268209531371 0
2.8846961788581 15.212257079814 0
3.1061004471056 15.118221765682 0
3.5900758715022 15.021029284227 0
3.8309428146648 14.957442567728 0
2 4 0 486
1
2
3
4
5
6
7
8
9
10
11
12
13
14
15
16
17
18
19
21
22
23
24
25
26
27
28
29
30
31
32
35
37
38
39
40
44
45
46
47
48
49
50
56
57
58
59
60
61
64
65
66
67
68
70
71
78
80
81
82
83
84
85
86
87
88
91
92
93
94
96
97
98
99
101
102
106
115
116
117
118
119
120
125
126
127
128
129
130
137
138
139
140
141
144
145
146
147
148
149
150
151
152
153
154
155
165
166
178
179
180
182
183
187
188
189
190
192
193
194
195
196
201
202
203
204
205
207
208
210
211
212
213
214
215
216
217
218
219
220
221
222
223
224
225
233
234
236
251
263
264
265
266
268
269
270
271
275
276
277
279
280
281
282
283
284
285
286
287
288
289
290
291
292
293
294
295
296
297
298
299
300
301
302
303
311
326
343
344
346
350
351
352
353
355
356
358
359
360
361
362
367
368
370
371
372
373
374
375
376
377
378
379
380
381
382
383
384
385
386
387
388
389
390
391
393
394
395
396
397
398
399
400
401
402
422
423
439
440
441
442
443
445
446
447
448
449
451
452
454
455
458
459
460
462
463
469
470
472
473
474
475
476
477
478
479
480
481
482
483
484
485
486
487
488
489
500
501
502
503
521
523
524
525
533
544
545
547
548
549
550
551
552
553
554
556
557
558
559
560
562
563
565
566
567
569
572
573
579
580
584
585
586
587
588
589
590
591
592
593
594
595
596
597
599
600
601
602
637
638
642
643
644
650
651
666
667
668
671
672
673
674
675
676
677
678
679
680
681
682
683
684
685
686
687
688
689
690
691
692
693
694
697
698
710
711
712
713
714
715
716
717
718
723
724
758
759
772
773
774
788
790
791
792
793
797
798
799
800
801
802
803
804
805
806
807
808
809
810
811
812
813
814
815
816
817
818
819
820
832
833
834
835
889
890
900
903
905
906
907
908
913
914
916
917
918
919
920
921
922
923
924
925
932
933
934
935
936
937
938
939
940
941
942
1004
1005
1006
1018
1019
1021
1023
1024
1025
1026
1032
1033
1036
1037
1038
1039
1040
1041
1042
1043
1044
1055
1056
1057
1058
1059
1060
1061
1062
1063
1064
1065
1149
1151
1152
1153
1169
1170
1171
1172
1173
1174
24.946473078948 1.6350782615237 0
24.786121521748 3.2631549011889 0
24.083738959923 2.5990174088667 0
23.763166110854 0.99175839699672 0
25 -9.401640105e-15 0
23.673253262852 8.035986557535299 0
24.148145657227 6.470476127563 0
24.51963199462 4.8772581281299 0
23.766164025819 4.3908348805986 0
23.414738947936 2 0
23.256527271822 3.374009373876 0
22.785739564086 8.0567040604599 0
23.096988349716 9.567085719960501 0
22.49104490199 1.040629901233 0
23.283469478649 0 0
23.189147641782 6.8284674930095 0
23.536319855812 5.5361155875662 0
23.017757569023 4.7363315438918 0
21.893517044597 2 0
19.833833448527 15.219035801787 0
22.302128564872 7.4070953467558 0
21.827748108141 8.7062858055275 0
22.135105985348 9.7707609187957 0
22.421818551956 11.057217227819 0
21.650635094611 12.5 0
19.340260512208 14.486614269702 0
20.786740290432 13.889255851129 0
21.025371971261 1.0294574868392 0
19.937088094839 1.1776563153695 0
21.566933715733 0 0
22.699256917793 6.0822475599092 0
20.426755427968 2 0
18.453738734265 14.550241466294 0
18.631767071696 15.451194156994 0
18.795995134722 16.483645437085 0
17.677669529664 17.677669529664 0
21.277758751894 9.9753186663992 0
21.04567560382 11.344329554495 0
20.200748222676 12.252576054531 0
19.277758751894 13.439420281537 0
19.166390828863 2 0
19.192936748185 0.86431250184703 0
19.909201795417 0 0
17.56579702098 15.610662222268 0
17.679905008312 16.532180656141 0
16.79285358236 17.392202950113 0
16.483645437085 18.795995134722 0
15.26614055408 18.800637203128 0
15.219035801787 19.833833448527 0
19.960341938809 9.2147077147298 0
19.718242250258 10.804248983766 0
19.025050333178 12.053722220863 0
17.960341938809 12.678809329868 0
18.201405090314 2 0
18.430623692086 1.1447034755367 0
18.525175974153 0 0
9.5670857199606 23.096988349716 0
16.617009357884 16.617009357884 0
15.610662222268 17.56579702098 0
14.550241466294 18.453738734265 0
14.467117842968 19.353821677144 0
13.889255851129 20.786740290432 0
12.5 21.650635094611 0
9.524086132326801 22.207622857832 0
11.057217227819 22.421818551956 0
3.263154901189 24.786121521748 0
18.690089117512 8.4813269064152 0
18.54327555051 9.723357575198801 0
17.968160502255 11.093556454614 0
16.690089117512 11.945428521553 0
16.047669932932 2.7200487421651 0
16.239007509262 2.7385563907579 0
17.744908389644 1.3416141505166 0
17.462334149314 2 0
17.776337762027 0.6672107711621 0
17.506542674348 0 0
15.875619810411 2.7137197673907 0
8.0359865575354 23.673253262852 0
6.470476127563 24.148145657227 0
8.420642744191399 22.691999146015 0
8.7062858055275 21.827748108141 0
3.827171158367 23.913795116988 0
4.8772581281299 24.51963199462 0
11.239570943084 21.104219999108 0
13.439420281537 19.277758751894 0
12.184280432814 20.284758018663 0
9.9753186663992 21.277758751894 0
2.8851018447485 23.988937227729 0
1.6350782615238 24.946473078948 0
17.598581356656 7.8511446068624 0
17.625666239601 8.878052624056201 0
17.297153254624 9.8682527676121 0
16.572967681411 10.723813129993 0
15.598581356656 11.315246222 0
15.450575071598 5.7487891374266 0
15.95599686523 2.5872650242655 0
17.316127944117 1.0002976017546 0
16.808908783186 2.5417681874077 0
16.477174656937 2.6440953455196 0
16.155241310624 2.4992178003741 0
17.167198504041 1.4662653447735 0
16.881943016134 2 0
17.134647897816 0.51664939916466 0
16.756824141741 0 0
15.814151207268 2.5841942555431 0
15.262645487918 5.6780796733823 0
15.698286473525 2.6069636698733 0
15.747987987118 2.6997455064694 0
7.0859364351927 23.133583465123 0
5.9145111599526 23.453497936738 0
7.4070953467559 22.302128564872 0
3.3740093738761 23.256527271822 0
4.7363315438918 23.017757569023 0
12.678809329868 17.960341938809 0
10.712805275358 19.997032175619 0
11.692284345353 18.974731248511 0
9.214707714729901 19.960341938809 0
2 23.414738947936 0
0.98411840888425 23.812061207746 0
7.993605777100001e-15 25 0
12.388637657859 10.302483209258 0
14.762879192783 10.832753352726 0
16.762879192783 7.3686517375881 0
16.836347045229 8.2880616754365 0
16.811050572709 9.0929079095245 0
16.266512277518 9.713897014144001 0
15.557427428375 10.352610655273 0
12.530842396864 10.388419004046 0
12.682620010561 10.490604429732 0
14.122824982679 10.463217882226 0
15.612454853924 5.9394692827464 0
15.304290855183 5.9173467743497 0
15.898270004191 2.4101113748304 0
16.851483628391 0.98442330166243 0
16.423936811698 2.2408733764886 0
16.078399953102 2.2504723231008 0
16.698578721522 1.4600174409557 0
16.444529748911 1.8293759007519 0
16.205029201268 0 0
16.471195488951 0.44190188350364 0
15.711266977373 2.4852815906361 0
15.705737208343 2.3231138354492 0
15.092066173535 5.7742861118141 0
15.09351991023 5.5880167666159 0
14.985543872431 5.5107101493236 0
15.59885428835 2.5699249650503 0
15.625858343178 2.6841253734487 0
15.534445174314 2.6577452322316 0
6.0822475599093 22.699256917793 0
11.945428521553 16.690089117512 0
11.1724311297 17.660593539551 0
9.993725882629899 18.616010988942 0
8.4813269064152 18.690089117512 0
2 21.893517044597 0
1.0421346647406 22.500994542487 0
0 23.283469478649 0
12.495063085765 10.228171416018 0
12.28278803756 10.215874799219 0
12.391417430925 10.159290412989 0
14.751447727899 10.06769289319 0
15.827826109839 6.203218570767 0
16.122824982679 6.9991162670882 0
16.213027230885 7.8804550434 0
15.970093340811 8.7122672568554 0
15.392281919091 9.458069022758 0
13.286057922431 10.605690212419 0
12.953906805893 10.514962809313 0
12.726237011151 10.236418618338 0
13.620191517213 10.173022315636 0
14.218761892657 9.8562764125929 0
14.907083603733 5.7991570587182 0
15.349582036543 6.2674345421628 0
15.002337300222 6.0219725241543 0
15.867096507397 2.1412347944436 0
16.321153213898 1.0214081398225 0
16.11486753489 1.9249615559525 0
16.247031492656 1.5080873515001 0
15.987760524412 0.29005432236683 0
15.798905900228 0 0
16.039895636026 0.64579167417855 0
15.653457259677 2.1369979281128 0
15.559081171363 2.4595829494224 0
15.546208941909 2.3045130043131 0
14.929305102631 5.6380364209853 0
14.876684245261 5.4950769291452 0
15.486411003579 2.5781969494498 0
10.229954313264 12.265042947999 0
10.279904732694 12.3806575173 0
10.337392835366 12.557206380977 0
10.6908447152 12.927908350331 0
11.315246222 15.598581356656 0
10.832753352726 14.762879192783 0
10.758324859037 16.486375377644 0
9.9660506072207 17.235961527434 0
8.9589773643358 17.643872065776 0
7.8511446068624 17.598581356656 0
2 20.426755427968 0
1.0120266349116 21.043519473113 0
0 21.566933715733 0
1.1748477480913 19.947359511167 0
12.542748283326 10.072208737201 0
12.287343176557 10.120583388726 0
12.185909258123 10.145582220347 0
12.364326703245 10.030452287401 0
14.688323157753 9.364258004931999 0
15.584188275646 8.0750824039019 0
15.620191517213 6.7089207004982 0
15.584752072202 7.3983395322679 0
15.015974110562 8.5724467049693 0
13.109682281782 10.150607067251 0
12.750635890034 9.9569549908343 0
13.327663726287 9.827191803877099 0
13.733517885814 9.621065476875501 0
14.111289231628 9.3635928366629 0
14.766114069483 5.7268131632952 0
14.781345546592 5.9103179995812 0
15.147291212038 6.6221405045949 0
14.772811780239 6.0890521461741 0
14.891868652592 6.3314789082127 0
15.93446458635 0.96814855923101 0
15.782992077378 1.9079562269272 0
15.973618092015 1.2752582620732 0
15.895675194494 1.6292247801869 0
15.697364237377 0.20365638985089 0
15.708977122882 0.45322851416514 0
15.722302804319 0.77655412093275 0
15.545842556589 1.9762599998958 0
15.4722476619 2.1676782580577 0
15.431755329581 2.4993535107841 0
15.433861267579 2.3956533355316 0
15.42227534736 2.2888728120097 0
14.789723572859 5.5776326453904 0
14.636167223234 5.7046445808876 0
14.682503067785 5.6145980172752 0
14.778259195005 5.4670889236397 0
10.142353067884 12.35024160171 0
10.141426180122 12.203115376885 0
10.43085348997 12.870361764859 0
10.012944485546 12.457559766267 0
10.175486258728 12.54055977288 0
10.211672043503 12.764057580978 0
10.605690212419 13.286057922431 0
10.463217882226 14.122824982679 0
10.392616824066 15.480046012598 0
10.120974172788 14.740500081189 0
9.765066364762699 16.219703244356 0
9.147778042858601 16.789213948334 0
7.3686517375882 16.762879192783 0
8.3054509381983 16.850332645839 0
5.6623296452012 15.265572290258 0
5.7493341012213 15.433819819991 0
2 19.166390828863 0
0 19.909201795417 0
0.86221210554498 19.190930030475 0
12.481535417682 9.881247858628999 0
12.662195394242 9.753983040693701 0
12.227651848251 10.03814073371 0
12.127831536643 10.075484878345 0
12.256814830599 9.909091623477201 0
12.315352799257 9.759455932205899 0
14.319033415315 8.890833235088801 0
14.426780714501 8.378149894077501 0
15.13709462377 7.8119034820169 0
15.101601234338 7.1045180094215 0
14.654759265766 7.9767059330752 0
12.971481750994 9.723878919939301 0
13.337414225606 9.457259879013501 0
13.659410990921 9.047916730899001 0
14.638417197711 5.8238914723022 0
14.623274532694 5.994953202718 0
14.787350095091 6.7086745757508 0
14.607100464633 6.2258265423137 0
14.586335109582 6.4732809217353 0
15.701051926146 1.1020212737128 0
15.618152872672 1.7331134144196 0
15.67146761883 1.4265616698118 0
14.694263086036 5.5035965895297 0
14.527768972961 5.7349418050042 0
14.56603280823 5.6229784465611 0
14.608725198225 5.5391817015006 0
9.886394736414699 12.34109929647 0
10.013647039312 12.259863139935 0
10.065999938551 12.134269642356 0
9.8990847855962 12.211935835199 0
9.8420660651843 12.510697008339 0
5.7072849305943 15.106333787371 0
5.5779553248444 15.112995423784 0
10.115537391305 13.07080426537 0
9.9806108510382 12.724730534327 0
9.7542242089347 12.671316760483 0
10.173022315636 13.620191517213 0
9.8606818016244 14.194849500617 0
9.5782151183287 15.342452375441 0
9.4489740775639 14.638031957318 0
8.747449504525401 15.984119186229 0
6.9991162670882 16.122824982679 0
7.8035763510367 16.167515658071 0
5.9643431562701 15.587499586002 0
6.203218570767 15.827826109839 0
5.9109477479807 15.24254306273 0
2 18.201405090314 0
1.1515983306241 18.422873475747 0
2.7105591404086 16.063794095292 0
2.7219124348648 16.285452804082 0
2.7490727474256 16.534446666211 0
0 18.525175974153 0
12.492367398217 9.6720566312516 0
12.713841006872 9.537753986017901 0
12.127087210817 9.978787291046199 0
12.118328988662 9.880330388567399 0
12.171303091606 9.789685719395999 0
12.313666408296 9.612707379572701 0
12.212642076636 9.691368994788 0
13.985633274941 8.5064574529288 0
14.215067638016 8.0718408711951 0
14.691726447755 7.4693995440758 0
14.602567057653 7.0394731404031 0
14.346519301359 7.6321174583098 0
12.934579529734 9.375182777601101 0
13.189116351017 9.123318210315899 0
13.524308001138 8.579619691475701 0
13.28427167075 8.8132361819612 0
14.495833132274 5.8716779073045 0
14.448592743778 6.0516253732088 0
14.482867271663 6.7222470918931 0
14.338189593929 6.9496660692509 0
14.396815157425 6.269093741603 0
14.311909542286 6.5048581725371 0
9.8104986920982 12.257707963389 0
9.7519269707189 12.360258633252 0
9.9688079400087 12.124039934361 0
9.7974860563686 12.151414083659 0
9.8760288888702 12.105661152835 0
9.6662951384536 12.509217059233 0
2.7099524091116 15.867800224171 0
5.5306373063795 14.986845629729 0
5.6640725556186 14.985685358609 0
5.836498099853 15.002045843447 0
9.7596217128884 13.375355904551 0
9.7246178449941 12.947548671712 0
9.5440271158591 12.707108620239 0
9.5881380483114 13.801243170312 0
9.420672464914499 13.500736860571 0
9.3996590748147 14.144790608095 0
8.793707332888999 15.007537165994 0
8.9902633404437 14.336231392335 0
8.1229167075183 15.465225811216 0
6.7089207004982 15.620191517213 0
7.3876505160027 15.614239948816 0
6.3068708493565 15.354094429456 0
6.102369728273 15.028434635898 0
6.6829400317159 15.156575653115 0
2 17.462334149314 0
0.67396418577109 17.753905552151 0
1.3744085834252 17.700891796066 0
2.5364021742421 15.968730974284 0
2.5417681874077 16.808908783186 0
2.4997429519288 16.208291359034 0
2.5435671434462 16.456643302444 0
2 16.881943016134 0
2.4311633583546 15.817917544813 0
0 17.506542674348 0
12.46761336295 9.487191590390699 0
12.637216187486 9.313749299505 0
13.626996217754 8.2643752414651 0
13.87213258091 8.045907682119999 0
14.007479141631 7.7201185349046 0
14.307817203645 7.2516792412286 0
14.089406994235 7.4571048677492 0
12.831493216271 9.101060733608101 0
13.371889077781 8.2965494883299 0
13.022647544059 8.8400106567476 0
13.19889726281 8.5705329282371 0
14.199574647556 6.7415322022629 0
14.096241556102 6.9994144620206 0
9.711546589791499 12.232505596057 0
9.6156487263542 12.335089260053 0
9.488575200260801 12.472937587037 0
2.5835919567094 15.751682794133 0
2.7221234897226 15.735714704523 0
6.1304111410436 14.786254012679 0
5.5903115118047 14.894358689384 0
5.4812097256599 14.87367009099 0
5.9229726284437 14.820696735624 0
5.7092793325477 14.832145420355 0
9.4407853444872 13.200830670882 0
9.193358748564799 13.367212154021 0
9.381990744030199 12.916130570489 0
9.3116048112241 12.63516504529 0
9.1102381061302 13.753597019894 0
8.1546594533175 14.838216802529 0
8.496887612948001 14.449795758771 0
8.6887003634902 14.038466717815 0
7.7319730169831 15.0469538146 0
7.1118130650725 15.202177480935 0
7.8552103059263 14.660859244535 0
6.4342835464087 14.853873851325 0
6.9070496833924 14.808116546281 0
6.6707046632845 14.586951077509 0
1.4295211721786 17.110121620056 0
0.52096801274557 17.094857302862 0
0.99681018783175 17.273092089727 0
2.2819208040487 16.021045666827 0
2.2040960145624 16.454081311276 0
1.5253008004659 16.673995990599 0
1.7861737113963 16.40273983685 0
2.4255692514777 15.654374120655 0
2.270032868963 15.766702171747 0
0 16.756824141741 0
13.543605952522 8.023649672675999 0
13.710921688397 7.7526035544174 0
13.845420811067 7.4771682978203 0
13.983907265464 7.2308505105539 0
2.5672510592229 15.595807310328 0
2.6809516238348 15.632028254627 0
6.2260840678547 14.59506281108 0
5.9861767198096 14.631105358086 0
5.5659150891181 14.79310595524 0
5.4608311305475 14.78111269515 0
5.7731007491355 14.644195143281 0
5.6257932432266 14.690589841303 0
9.1074330886875 13.113774400073 0
8.8835185540674 13.386572217662 0
9.101313135859501 12.822491905545 0
8.599489311895001 13.671940621704 0
8.1089965286462 14.389870304146 0
8.357769655644701 14.033195452642 0
7.408695175888 14.70347395352 0
7.7411867288465 14.337993773076 0
7.162232375688 14.459082491445 0
6.4478382063491 14.515501644585 0
6.8770496830623 14.412049704781 0
6.6278550951602 14.396171268987 0
0.44625590321434 16.508696927946 0
1.0025995713983 16.652466063955 0
2.1134436454197 15.850032621636 0
1.9467855909737 16.074336834161 0
1.4082095473564 16.322709415999 0
1.6442590190066 16.1246550532 0
2.47806002255 15.52377748877 0
2.3763090844854 15.530258900646 0
2.2725764100588 15.59447263415 0
2.1134797938283 15.669040950093 0
0 16.205029201268 0
2.5067547696187 15.422002981215 0
2.5813381357346 15.477385373757 0
2.6538272611086 15.533507625335 0
6.2564623942199 14.382847899009 0
6.0420752377343 14.442951533765 0
5.8563952122363 14.493682488024 0
5.5024479837579 14.697614809791 0
5.7264142531454 14.507982662258 0
5.6368526254345 14.570717171752 0
5.5429711496358 14.613865502427 0
8.842182321985501 13.028782425772 0
8.5856978401499 13.252657778353 0
8.248068357706799 13.742926818775 0
8.2947136470142 13.435247349059 0
7.9796119701231 13.99202132591 0
7.6577745016629 14.03027246099 0
7.4155880365614 14.248753007767 0
7.1196700761154 14.237449707861 0
6.9342912170547 14.114887249203 0
6.4781993150068 14.27356676432 0
6.7099743684933 14.20184311978 0
0.35682745025586 15.982943104126 0
0.72847923707703 16.215588794534 0
1.0879848566162 16.128352422197 0
1.9066037278327 15.782780849148 0
1.6910022145494 15.885022500188 0
1.4080105235817 15.979188628567 0
2.4110414094061 15.429428747536 0
2.2938631538242 15.453005572975 0
2.1560241217425 15.493504991727 0
1.9689590372844 15.543021104023 0
0 15.798905900228 0
7.9922594788403 13.60374140712 0
7.7152865665709 13.753718274938 0
7.4336546142821 13.896310742222 0
7.1888207269597 14.007705901642 0
0.22154057921797 15.673707328363 0
0.43698926411318 15.679646938999 0
0.74872840390049 15.805485454445 0
1.1512842993454 15.734422018462 0
1.7420369316182 15.616604716811 0
1.4653232046163 15.679970361358 0
2 5 0 36
1898
1899
1906
1907
1908
1915
1916
1919
1920
1921
1922
1923
1924
1926
1930
1932
1933
1934
1935
1936
1943
1944
1945
1946
1947
1948
1955
1956
1957
1958
1959
1960
1963
1966
1967
1968
1.8499074084244 6.0358785593521 0
1.7365305756938 5.8689161370571 0
1.6815143552209 6.3275438831421 0
1.0216885200022 7.4703957538875 0
0.77539142813545 7.4565201828255 0
1.5589987103353 6.069902972078 0
1.5426697766013 5.8414003548952 0
1.2237239527564 7.1204601194281 0
1.4617606718586 6.708168427876 0
1.3276034127726 6.3488627830799 0
0.85181232787295 7.1564227826032 0
0.60113072559653 7.3252426961276 0
0.44713871358075 7.4429503433154 0
0.29726588485574 7.4433037659969 0
1.2433858926764 5.9501195523057 0
1.0450969656465 6.7335957871244 0
0.96596434067807 6.3010876777397 0
0.67851388919385 6.8418281242392 0
0.53585445919504 7.0690308833041 0
0.35801316350202 7.2447275084448 0
0.79603335239023 5.964502893167 0
0.71911243278731 6.5442129486907 0
0.66790131391839 6.2658303238397 0
0.4549808372087 6.8706309927442 0
0.49603026620325 6.678488885265 0
0.32470236128605 6.9955965905969 0
0.50135478989567 5.8436789711036 0
0.50851264594718 6.0807654294521 0
0.50873508704315 6.4529479401312 0
0.4554746590778 6.2676926150157 0
0.30845623851766 6.7855729040603 0
0.3214375871883 6.5768144795599 0
0.294330094487 5.7984580208913 0
0.31687852127112 5.9710003323325 0
0.31343323912987 6.1718874412538 0
0.31651342873985 6.3711709513482 0
2 6 0 50
1573
1575
1582
1583
1584
1585
1641
1642
1649
1650
1651
1652
1697
1698
1703
1704
1705
1738
1739
1743
1744
1767
1770
1771
1788
1791
1806
1810
1825
1828
1845
1846
1848
1860
1861
1864
1865
1866
1867
1868
1880
1884
1885
1886
1887
1888
1889
1903
1904
1905
8.810372920647801 10.054505196519 0
8.8890601314096 9.6690920541018 0
7.9821540322256 11.489022391055 0
8.6419798674443 10.346170520309 0
8.1841894649798 11.139086756595 0
8.422226184082 10.726795065043 0
8.6904148878155 9.7581513599962 0
8.4639396088445 9.9757840869554 0
7.73715799846 11.420849199113 0
7.8640179594601 11.146030045223 0
8.233743480888499 10.305046148497 0
8.010566313730299 10.725825352932 0
8.461614430510799 9.614239804228401 0
8.1350525132145 9.8914491133583 0
7.4590450036431 11.180251589175 0
7.5776224280134 10.70672623247 0
7.8195984718302 10.266226422458 0
8.0494847764526 9.502906523356501 0
7.7532727467716 9.8486662865821 0
7.0554398198321 10.813378951352 0
7.2570669995842 10.108645033679 0
7.4140688754592 9.373521852402 0
6.5659246707145 10.310405240985 0
6.7549261431641 9.6460875841559 0
6.6310487425643 8.949852478336201 0
5.8867389829893 9.6034073640161 0
5.7014714739912 8.5667088843245 0
4.7982239836947 9.032318503896301 0
4.654663073729 8.0137330421373 0
3.746706757607 8.475077932503201 0
3.5636762815145 7.430587962721 0
3.0495260723519 6.7912693309306 0
2.8803259477208 8.0579689967695 0
2.3909068433422 6.0232046952696 0
2.1741696702395 5.8298405507349 0
2.6076492113678 6.346841227785 0
2.7096715756834 7.3475862091045 0
2.5329350464115 6.8524744210366 0
2.051603805661 7.752046116835 0
2.251875051184 6.2596206385931 0
2.0997148265237 6.0356660032527 0
1.4922791684609 7.7217965327286 0
2.2203154403945 6.6032037778814 0
2.1121034824008 7.1323518459086 0
1.7184089430461 7.4009133787847 0
1.9870817793093 6.3321296953468 0
1.1846938227202 7.6488827240503 0
1.3594799812438 7.3935687496569 0
1.8302480716937 6.6958048386181 0
1.621823052294 7.0587892523213 0
2 7 0 21
191
255
267
337
340
357
434
438
456
457
534
538
541
542
561
564
568
652
661
663
664
2.8806592946671 22.259186826564 0
4.4563318766298 21.818019758545 0
2.9812126609918 21.02232475118 0
5.6342225252055 21.027204725216 0
4.1915742085007 20.284655504791 0
3.001195845152 19.701125302638 0
5.1997223504405 19.405627997095 0
3.8767599925848 18.733630494074 0
3.3221040131618 17.972542570769 0
2.7971626974854 18.637318072131 0
3.1349838405139 17.474110678816 0
4.8554079635563 18.120629211467 0
3.9840357111542 17.77048001661 0
3.5053734375353 17.494096492986 0
2.6358440295832 17.727182276585 0
2.8237368126923 17.170380269536 0
2.3729208714004 17.172185158531 0
3.2569039472487 17.106694189417 0
4.6025767300321 17.177050202214 0
3.8288396755978 17.146655009319 0
4.1107772288026 16.787203690451 0
2 8 0 18
181
252
253
254
338
339
354
435
436
437
450
453
537
539
540
555
660
662
8.352828222413599 20.942990569032 0
7.3428321269854 20.904888022954 0
6.6113750890546 21.337021889848 0
7.8657254662888 19.872992874734 0
6.4771365104141 20.069306216282 0
7.3255213113471 18.670341390733 0
6.8953600057565 17.584863556581 0
6.0241256728254 16.692293712368 0
6.0268385825698 18.361828223094 0
6.1053360280295 17.241054326852 0
6.5858337242637 16.680647473019 0
6.135988681956 16.283475604902 0
5.7086921476014 16.40263598666 0
5.5954331744429 16.862724075224 0
5.3293859084445 17.440974862646 0
6.5255379222912 16.106073601337 0
5.3363908511801 16.463611279779 0
5.0080402505215 16.781147636525 0
2 9 0 55
1418
1460
1461
1464
1482
1483
1484
1485
1486
1504
1505
1507
1537
1538
1539
1541
1542
1560
1561
1562
1563
1576
1578
1609
1610
1611
1612
1613
1614
1631
1632
1633
1635
1637
1644
1669
1670
1671
1672
1673
1674
1675
1690
1691
1692
1693
1694
1695
1696
1717
1718
1733
1735
1736
1737
10.054505196519 8.810372920647801 0
7.4703957538875 1.0216885200022 0
7.6587204746328 1.1903320331616 0
7.1204601194281 1.2237239527564 0
11.489022391055 7.9821540322256 0
11.139086756595 8.1841894649798 0
10.346170520309 8.6419798674443 0
10.726795065043 8.422226184082 0
11.43066140948 7.7350223108402 0
10.007572366234 8.488318150217999 0
9.851371237750801 8.714260580382399 0
9.6802680132365 8.825888476027201 0
6.708168427876 1.4617606718586 0
7.4044027748327 1.3722560585545 0
7.7501319788416 1.5153377760495 0
7.0623267892987 1.6543605672879 0
6.3275438831421 1.6815143552209 0
11.144953879137 7.8659377244939 0
10.727776994626 8.011163453786599 0
10.309621298188 8.2488951482065 0
11.186850395733 7.4597357652967 0
9.898798375937 8.1681832253976 0
9.621783440761 8.511983226848701 0
6.6685810385692 1.859942138764 0
7.4191815557436 1.8791702070522 0
7.8849261250707 2.06192711289 0
7.0034928091932 2.1116815177435 0
6.3174565028845 2.010509434384 0
6.0358785593521 1.8499074084244 0
10.692334222506 7.5807357957856 0
10.248385639428 7.8406484146088 0
10.79621949622 7.0645335308194 0
9.8089988446484 7.7929909114389 0
8.119786166691 2.7852693484251 0
9.487336576843999 8.079336802234 0
6.5924978190204 2.2398262860891 0
6.2672055866425 2.2710344377832 0
7.4001673784978 2.5344793474253 0
6.8399390774516 2.4982394176438 0
6.0090580825768 2.1591433711677 0
6.0571241292516 2.4235764931775 0
5.779816333546 2.1362410352129 0
10.049818929895 7.2423958857085 0
10.286486238186 6.4875388495401 0
9.362863539752601 7.5197523899191 0
7.6155231865793 3.1764840756889 0
9.656010972691 5.7198052697419 0
8.3122936228675 3.6526194889531 0
9.007511379878 4.7201074863087 0
6.35873090356 2.6381085053751 0
6.8949562083889 3.0779876819337 0
9.2328845940786 6.6612938676199 0
7.3504207386461 3.8315894380834 0
8.6023933614968 5.6545267986118 0
7.960596104556 4.6287596109165 0
2 10 0 32
1053
1164
1165
1166
1167
1275
1276
1277
1278
1279
1280
1372
1376
1377
1378
1379
1381
1465
1466
1467
1468
1469
1470
1543
1544
1545
1546
1547
1615
1616
1617
1618
7.4206871008025 0.29605890456903 0
7.2136735189846 0.29510868601906 0
6.9923362114922 0.29150905507348 0
6.7936595009518 0.28063416302982 0
7.3433769492088 0.4793952582683 0
6.5997915241033 0.28738544667725 0
7.0667496724191 0.45748187525056 0
6.7145434626206 0.40411182056282 0
6.877889485989 0.41457890024315 0
7.3361899422436 0.6614669756995 0
7.1434731219356 0.6304799842269601 0
7.4592609897597 0.8124777753841 0
6.3981188699773 0.31452556296007 0
6.5334893913385 0.50105803852978 0
6.8297487469043 0.63381936767244 0
7.146979682748 0.89519101921434 0
6.1903138492815 0.31004340306359 0
6.3074352230122 0.4886664894898 0
6.4745933468397 0.71367160205305 0
6.6963548381381 1.0182388582315 0
5.9856470767498 0.3099971514655 0
6.1082070377112 0.44712981369413 0
5.8032755323363 0.27762594129121 0
6.1559985767699 0.67621203662843 0
6.310277298897 0.92272661917803 0
6.2843210273803 1.276634854988 0
6.0905882714185 1.5446937608533 0
5.8837878933298 0.53542058683841 0
5.8460589173019 1.787629007999 0
5.9405868178768 0.92754286163087 0
5.8939080358857 1.5908010024361 0
5.9120668946488 1.3203107117858 0
2 11 0 9
1423
1426
1427
1500
1510
1511
1512
1513
1515
9.1569147687912 10.225273043264 0
9.2014250248052 10.537326460432 0
8.9814200823643 10.860430904557 0
9.0087893201682 10.071240283236 0
8.9239894978175 10.314999430631 0
8.299894865260599 11.433978569179 0
8.6066419917682 11.070449911639 0
8.772096977883599 10.625612580735 0
8.105960601972599 11.671029141303 0
2 12 0 8
1296
1297
1330
1394
1395
1396
1397
1398
10.322868076016 9.160858453546799 0
10.541695860606 9.3377615867989 0
10.087345411011 8.9955665595736 0
11.669820817897 8.1075934885449 0
11.449553616643 8.292182172699301 0
10.269947707533 8.903898122086099 0
10.676872399602 8.924839915074401 0
11.116592223874 8.5683506841071 0
2 13 0 22
121
122
123
124
174
184
185
186
248
257
258
259
260
261
262
329
331
332
347
348
349
444
15.39298220001 15.39298220001 0
14.930728079342 16.800963199025 0
13.98275068021 17.141969376135 0
13.539840543631 17.92892993582 0
14.205905646655 14.205905646655 0
13.95249548814 15.740320182641 0
12.77200848045 14.411358177029 0
13.047980960246 16.810840877996 0
13.26522124791 13.26522124791 0
12.236544720485 13.4125710058 0
11.688263576036 13.131018589361 0
11.322011428738 13.105759156881 0
11.887586650088 14.102909216225 0
12.379143728408 15.668309070739 0
11.747207887013 14.842998874722 0
12.574473472182 12.574473472182 0
11.977690850632 12.744075968478 0
11.561303601799 12.826073884231 0
11.486135460837 13.612934488666 0
11.047720567831 13.349045218045 0
11.169472940276 14.201545321457 0
10.860089260468 13.749097776057 0
2 14 0 18
55
76
77
79
113
114
131
142
175
176
177
206
209
247
249
250
325
330
17.66989653967 13.922988975823 0
16.781749680036 14.393431123336 0
16.717643191569 13.248758368091 0
16.387534567273 15.196998059822 0
15.589317787567 14.03766986174 0
15.614464085822 12.514222396228 0
14.782006888616 11.754229670978 0
14.074641853751 11.16207886451 0
14.336288384052 12.846502309531 0
13.90251434077 11.881064374686 0
13.574048512406 11.446442201753 0
13.46357965397 11.035741737466 0
13.710099371746 10.685572423521 0
13.149013299454 11.350171504877 0
13.322600467057 12.396416492697 0
13.280493414086 11.803154527229 0
12.85407344672 11.584508032544 0
12.717960160928 12.024334308644 0
2 15 0 22
41
42
43
51
62
63
72
89
90
103
132
133
134
135
136
158
160
161
197
199
200
278
21.348579047833 7.0757239547559 0
20.66898292908 7.7974198657215 0
20.691402035729 8.7498314470065 0
21.027204725216 5.6342225252055 0
20.001721583677 6.7006632245012 0
19.722178450719 8.0554251826546 0
19.405627997095 5.1997223504405 0
18.270800008115 6.0997261458465 0
18.65106346818 7.4359256467931 0
18.120629211467 4.8554079635563 0
17.296430612663 5.4977672969158 0
16.686760520417 5.523469440129 0
16.3558138056 5.6884014500624 0
17.31572813447 6.280221702604 0
17.603713209893 6.9706775308811 0
17.177050202214 4.6025767300321 0
16.735611982161 5.0408903814565 0
16.423818189373 5.3215111035593 0
16.747962562999 6.0538046108281 0
16.238422814542 6.0388544455446 0
16.770004790088 6.7085753780753 0
16.269134848081 6.480323542078 0
2 16 0 18
20
33
34
36
52
53
54
69
73
74
75
95
100
104
105
107
112
159
22.282713442545 3.1887114163884 0
21.793705541781 4.9489499093993 0
21.705387342353 4.0352279079698 0
21.094508400699 3.0757012312891 0
20.518937728434 4.2567215764968 0
19.739755992208 2.9735480533559 0
18.652504907412 2.8141271371317 0
17.726249769194 2.6361761831504 0
18.866374099686 3.9296790578178 0
17.951710914879 3.3029952558538 0
17.459065212363 3.1227503823795 0
17.165459700765 2.8259338844608 0
17.208979083719 2.4007756510038 0
17.392465459418 3.5886709215109 0
17.752059472294 4.0537348887673 0
17.054754208994 3.2551890201247 0
16.920024544414 3.6025086104476 0
17.0041269461 4.0430794038328 0
$EndNodes
$Elements
16 3844 1 3844
2 1 2 994
1296 731 608 729 
1297 731 732 608 
1537 852 729 730 
1538 731 729 852 
1539 853 730 733 
1540 730 853 852 
1541 731 854 732 
1542 731 852 854 
1543 854 855 732 
1544 856 733 850 
1545 733 856 853 
1769 850 851 971 
1770 856 850 971 
1771 851 857 972 
1772 972 971 851 
1773 853 973 852 
1774 854 852 973 
1775 974 853 856 
1776 974 973 853 
1777 855 854 975 
1778 973 975 854 
1779 975 976 855 
1780 856 971 977 
1781 974 856 977 
1782 857 858 978 
1783 978 972 857 
1784 858 868 979 
1785 979 978 858 
1799 868 869 984 
1800 984 979 868 
1801 985 979 984 
1802 869 870 986 
1803 986 984 869 
1804 872 983 987 
1805 871 988 870 
1806 988 986 870 
1807 871 873 989 
1808 989 988 871 
1809 990 873 872 
1810 990 989 873 
1811 987 990 872 
1918 1046 928 926 
1919 1046 926 1047 
1920 927 1048 926 
1921 1048 1047 926 
1922 1045 1049 927 
1923 1048 927 1049 
1924 928 1046 1050 
1925 929 928 1050 
1926 930 929 1051 
1927 1050 1051 929 
1928 930 1051 931 
1929 1052 931 1051 
1931 931 1052 1054 
1987 1080 1079 1066 
2000 971 972 1089 
2001 977 971 1089 
2002 1090 972 978 
2003 1090 1089 972 
2004 973 1091 975 
2005 974 1091 973 
2006 974 977 1091 
2007 1092 1084 976 
2008 976 975 1092 
2009 975 1091 1092 
2010 977 1089 1093 
2011 1093 1091 977 
2012 978 979 1094 
2013 1090 978 1094 
2014 985 1094 979 
2015 985 1095 1094 
2016 980 1086 1096 
2017 981 980 1097 
2018 1096 1097 980 
2019 982 981 1098 
2020 1097 1098 981 
2021 983 982 1099 
2022 1099 987 983 
2023 1098 1099 982 
2024 1100 987 1099 
2025 986 1101 984 
2026 985 984 1101 
2027 985 1101 1095 
2028 1102 986 988 
2029 1102 1101 986 
2030 987 1103 990 
2031 1100 1103 987 
2032 989 1104 988 
2033 1102 988 1104 
2034 1105 989 990 
2035 1105 1104 989 
2036 1105 990 1103 
2037 998 1106 1067 
2051 999 1113 998 
2052 1106 998 1113 
2053 1114 999 1112 
2054 1114 1113 999 
2143 1082 1158 1045 
2144 1049 1045 1158 
2145 1047 1159 1046 
2147 1160 1159 1047 
2148 1160 1047 1161 
2149 1048 1049 1161 
2150 1048 1161 1047 
2151 1162 1049 1158 
2152 1162 1161 1049 
2153 1163 1054 1052 
2162 1054 1163 1168 
2184 1066 1069 1180 
2185 1080 1066 1180 
2186 1067 1181 1068 
2187 1181 1067 1106 
2188 1182 1070 1068 
2189 1182 1068 1181 
2190 1106 1183 1181 
2191 1180 1069 1184 
2192 1071 1185 1069 
2193 1185 1184 1069 
2194 1070 1186 1072 
2195 1070 1182 1186 
2196 1072 1187 1071 
2197 1187 1072 1186 
2198 1185 1071 1187 
2206 1191 1188 1077 
2207 1080 1180 1192 
2208 1077 1078 1193 
2209 1193 1191 1077 
2210 1078 1079 1194 
2211 1194 1193 1078 
2212 1195 1194 1079 
2213 1080 1195 1079 
2214 1192 1195 1080 
2215 1081 1190 1196 
2216 1088 1081 1197 
2217 1196 1197 1081 
2218 1083 1198 1082 
2219 1158 1082 1198 
2220 1200 1083 1199 
2221 1198 1083 1200 
2222 1204 1085 1084 
2223 1084 1092 1204 
2224 1205 1203 1085 
2225 1085 1204 1205 
2226 1086 1087 1206 
2227 1206 1096 1086 
2228 1087 1088 1207 
2229 1207 1206 1087 
2230 1197 1207 1088 
2231 1208 1207 1197 
2232 1209 1096 1206 
2233 1089 1090 1210 
2234 1094 1210 1090 
2235 1093 1089 1210 
2236 1092 1211 1204 
2237 1091 1211 1092 
2238 1093 1211 1091 
2239 1093 1210 1211 
2240 1212 1094 1095 
2241 1212 1210 1094 
2242 1095 1213 1212 
2243 1214 1095 1101 
2244 1214 1213 1095 
2245 1215 1098 1097 
2246 1097 1096 1216 
2247 1215 1097 1216 
2248 1209 1216 1096 
2249 1099 1098 1217 
2250 1100 1099 1217 
2251 1215 1217 1098 
2252 1100 1218 1103 
2253 1100 1217 1218 
2254 1102 1219 1101 
2255 1102 1104 1219 
2256 1214 1101 1219 
2257 1105 1220 1104 
2258 1105 1103 1220 
2259 1104 1220 1219 
2260 1103 1218 1220 
2261 1106 1221 1183 
2262 1113 1221 1106 
2263 1221 1222 1183 
2264 1222 1223 1183 
2273 1112 1115 1227 
2274 1114 1112 1227 
2275 1114 1228 1113 
2276 1114 1227 1228 
2277 1113 1228 1221 
2278 1115 1116 1229 
2279 1115 1229 1227 
2280 1230 1116 1226 
2281 1230 1229 1116 
2362 1270 1158 1198 
2363 1162 1158 1270 
2364 1160 1271 1159 
2366 1160 1272 1271 
2367 1160 1161 1272 
2368 1272 1161 1273 
2369 1162 1273 1161 
2370 1162 1270 1273 
2371 1274 1168 1163 
2383 1274 1281 1168 
2384 1282 1168 1281 
2406 1184 1294 1180 
2407 1192 1180 1294 
2408 1181 1183 1295 
2409 1182 1181 1295 
2410 1182 1295 1186 
2414 1184 1298 1294 
2415 1185 1187 1298 
2416 1184 1185 1298 
2417 1186 1295 1299 
2418 1187 1299 1298 
2419 1187 1186 1299 
2420 1189 1188 1300 
2421 1191 1300 1188 
2422 1189 1301 1190 
2423 1196 1190 1301 
2424 1300 1301 1189 
2425 1302 1191 1193 
2426 1303 1300 1191 
2427 1302 1303 1191 
2428 1192 1294 1304 
2429 1192 1304 1195 
2430 1193 1194 1305 
2431 1302 1193 1305 
2432 1304 1306 1195 
2433 1195 1306 1194 
2434 1306 1305 1194 
2435 1307 1196 1301 
2436 1197 1196 1308 
2437 1208 1197 1308 
2438 1307 1308 1196 
2439 1309 1198 1200 
2440 1198 1309 1270 
2441 1310 1199 1201 
2442 1200 1199 1310 
2443 1311 1200 1310 
2444 1200 1311 1309 
2445 1312 1201 1202 
2446 1310 1201 1312 
2447 1313 1202 1203 
2448 1202 1313 1312 
2449 1203 1205 1313 
2450 1314 1205 1204 
2451 1204 1211 1314 
2452 1315 1313 1205 
2453 1315 1205 1314 
2454 1207 1316 1206 
2455 1209 1206 1316 
2456 1208 1316 1207 
2457 1208 1317 1316 
2458 1208 1308 1317 
2459 1209 1318 1216 
2460 1209 1316 1318 
2461 1211 1319 1314 
2462 1210 1319 1211 
2463 1212 1319 1210 
2464 1213 1319 1212 
2465 1214 1219 1320 
2466 1214 1320 1213 
2467 1213 1320 1319 
2468 1215 1321 1217 
2469 1215 1216 1321 
2470 1322 1216 1318 
2471 1322 1321 1216 
2472 1323 1217 1321 
2473 1323 1218 1217 
2474 1323 1324 1218 
2475 1218 1324 1220 
2476 1320 1219 1325 
2477 1220 1324 1325 
2478 1220 1325 1219 
2479 1228 1326 1221 
2480 1222 1221 1326 
2481 1327 1222 1326 
2482 1223 1222 1328 
2483 1327 1328 1222 
2484 1328 1329 1223 
2487 1224 1231 1332 
2488 1225 1224 1333 
2489 1332 1333 1224 
2490 1226 1225 1334 
2491 1333 1334 1225 
2492 1230 1226 1334 
2493 1228 1335 1326 
2494 1227 1229 1335 
2495 1227 1335 1228 
2496 1229 1336 1335 
2497 1230 1336 1229 
2498 1230 1334 1336 
2499 1257 1337 1231 
2500 1332 1231 1338 
2501 1338 1231 1337 
2548 1360 1257 1260 
2549 1337 1257 1360 
2553 1362 1260 1361 
2554 1260 1362 1360 
2574 1373 1270 1309 
2575 1270 1373 1273 
2576 1272 1374 1271 
2578 1272 1375 1374 
2579 1273 1375 1272 
2580 1375 1273 1373 
2592 1281 1380 1282 
2595 1380 1383 1282 
2596 1383 1380 1382 
2628 1300 1399 1301 
2629 1307 1301 1399 
2630 1303 1399 1300 
2631 1303 1400 1399 
2632 1302 1305 1400 
2633 1303 1302 1400 
2634 1304 1401 1306 
2636 1306 1401 1402 
2637 1305 1306 1402 
2638 1305 1402 1400 
2639 1307 1403 1308 
2640 1307 1399 1403 
2641 1404 1308 1403 
2642 1317 1308 1404 
2643 1311 1405 1309 
2644 1309 1405 1373 
2645 1310 1312 1406 
2646 1311 1310 1406 
2647 1311 1406 1405 
2648 1407 1312 1313 
2649 1312 1407 1406 
2650 1407 1313 1408 
2651 1315 1408 1313 
2652 1315 1314 1409 
2653 1315 1409 1408 
2654 1314 1319 1409 
2655 1317 1410 1316 
2656 1317 1404 1410 
2657 1318 1316 1410 
2658 1322 1318 1411 
2659 1318 1410 1411 
2660 1412 1409 1319 
2661 1320 1412 1319 
2662 1320 1325 1412 
2663 1322 1411 1413 
2664 1321 1413 1323 
2665 1321 1322 1413 
2666 1323 1413 1324 
2667 1324 1413 1414 
2668 1324 1414 1325 
2669 1325 1414 1412 
2670 1415 1326 1335 
2671 1416 1328 1327 
2672 1331 1328 1416 
2673 1417 1326 1415 
2674 1327 1326 1417 
2675 1416 1327 1417 
2677 1419 1329 1328 
2678 1331 1419 1328 
2679 1420 1419 1331 
2680 1419 1421 1329 
2683 1331 1422 1420 
2684 1331 1416 1422 
2685 1338 1424 1332 
2686 1332 1424 1333 
2687 1333 1424 1425 
2688 1334 1425 1336 
2689 1425 1334 1333 
2695 1428 1337 1360 
2696 1338 1429 1424 
2697 1428 1429 1337 
2698 1338 1337 1429 
2740 1450 1360 1362 
2741 1428 1360 1450 
2742 1451 1361 1364 
2743 1361 1451 1362 
2744 1362 1452 1450 
2745 1452 1362 1451 
2748 1454 1364 1453 
2749 1364 1454 1451 
2765 1373 1462 1375 
2766 1373 1405 1462 
2767 1375 1463 1374 
2768 1375 1462 1463 
2784 1471 1472 1382 
2785 1382 1472 1383 
2802 1480 1473 1393 
2803 1480 1393 1481 
2814 1399 1400 1487 
2815 1403 1399 1487 
2816 1402 1488 1400 
2817 1488 1487 1400 
2818 1489 1402 1401 
2819 1402 1489 1488 
2821 1403 1487 1490 
2822 1404 1403 1490 
2823 1404 1490 1410 
2824 1462 1405 1491 
2825 1491 1405 1492 
2826 1406 1492 1405 
2827 1406 1407 1492 
2828 1407 1408 1493 
2829 1407 1493 1492 
2830 1494 1493 1408 
2831 1408 1409 1494 
2832 1495 1409 1412 
2833 1495 1494 1409 
2834 1410 1490 1496 
2835 1411 1496 1413 
2836 1411 1410 1496 
2837 1495 1412 1497 
2838 1414 1497 1412 
2839 1498 1413 1496 
2840 1498 1414 1413 
2841 1498 1497 1414 
2842 1417 1415 1499 
2845 1422 1416 1501 
2846 1501 1416 1417 
2847 1502 1417 1499 
2848 1502 1501 1417 
2849 1420 1422 1503 
2853 1506 1421 1419 
2854 1420 1506 1419 
2855 1420 1503 1506 
2858 1422 1501 1508 
2859 1422 1508 1503 
2860 1509 1503 1508 
2870 1428 1514 1429 
2871 1428 1450 1514 
2905 1450 1527 1514 
2906 1527 1450 1452 
2907 1528 1455 1524 
2908 1529 1451 1454 
2909 1451 1529 1452 
2910 1530 1527 1452 
2911 1530 1452 1529 
2912 1453 1456 1531 
2913 1453 1531 1454 
2914 1532 1454 1531 
2915 1532 1529 1454 
2916 1533 1459 1455 
2917 1455 1528 1533 
2918 1456 1457 1534 
2919 1531 1456 1534 
2920 1457 1458 1535 
2921 1535 1534 1457 
2922 1536 1458 1459 
2923 1536 1535 1458 
2924 1533 1536 1459 
2930 1462 1540 1463 
2931 1462 1491 1540 
2948 1549 1471 1548 
2949 1471 1550 1472 
2950 1549 1550 1471 
2951 1551 1474 1473 
2952 1480 1551 1473 
2953 1552 1475 1474 
2954 1474 1551 1552 
2955 1476 1475 1553 
2956 1552 1553 1475 
2957 1477 1476 1554 
2958 1553 1554 1476 
2959 1478 1477 1555 
2960 1554 1555 1477 
2961 1479 1478 1556 
2962 1555 1556 1478 
2963 1516 1479 1557 
2964 1556 1557 1479 
2965 1480 1481 1558 
2966 1480 1558 1551 
2967 1558 1481 1559 
2977 1487 1488 1564 
2978 1487 1564 1490 
2979 1565 1488 1489 
2980 1488 1565 1564 
2982 1490 1564 1566 
2983 1490 1566 1496 
2984 1491 1567 1540 
2985 1491 1568 1567 
2986 1492 1568 1491 
2987 1492 1493 1568 
2988 1493 1569 1568 
2989 1493 1494 1569 
2990 1494 1570 1569 
2991 1495 1497 1570 
2992 1495 1570 1494 
2993 1496 1566 1571 
2994 1497 1571 1570 
2995 1496 1571 1498 
2996 1498 1571 1497 
2997 1502 1499 1572 
3001 1574 1502 1572 
3002 1502 1574 1501 
3003 1508 1501 1574 
3006 1503 1577 1506 
3007 1509 1577 1503 
3011 1579 1506 1577 
3014 1508 1574 1580 
3015 1509 1508 1580 
3016 1509 1580 1581 
3017 1509 1581 1577 
3026 1586 1514 1527 
3029 1517 1516 1587 
3030 1557 1587 1516 
3031 1519 1517 1588 
3032 1587 1588 1517 
3033 1589 1587 1557 
3034 1520 1518 1590 
3035 1518 1519 1591 
3036 1591 1590 1518 
3037 1588 1591 1519 
3038 1592 1591 1588 
3039 1522 1521 1593 
3040 1521 1520 1594 
3041 1594 1593 1521 
3042 1590 1594 1520 
3043 1595 1594 1590 
3044 1523 1522 1596 
3045 1593 1596 1522 
3046 1597 1596 1593 
3047 1526 1523 1598 
3048 1596 1598 1523 
3049 1599 1524 1525 
3050 1528 1524 1599 
3051 1525 1526 1600 
3052 1599 1525 1600 
3053 1598 1600 1526 
3054 1527 1601 1586 
3055 1530 1601 1527 
3056 1602 1528 1599 
3057 1603 1533 1528 
3058 1602 1603 1528 
3059 1530 1604 1601 
3060 1532 1604 1529 
3061 1529 1604 1530 
3062 1531 1534 1605 
3063 1532 1531 1605 
3064 1532 1605 1604 
3065 1536 1533 1606 
3066 1603 1606 1533 
3067 1535 1607 1534 
3068 1534 1607 1605 
3069 1608 1535 1536 
3070 1608 1607 1535 
3071 1608 1536 1606 
3094 1620 1548 1619 
3095 1548 1620 1549 
3096 1549 1621 1550 
3097 1549 1620 1621 
3098 1550 1621 1622 
3099 1623 1554 1553 
3100 1552 1551 1624 
3101 1558 1624 1551 
3102 1553 1552 1625 
3103 1623 1553 1625 
3104 1624 1625 1552 
3105 1626 1556 1555 
3106 1554 1627 1555 
3107 1626 1555 1627 
3108 1623 1627 1554 
3109 1557 1556 1628 
3110 1589 1557 1628 
3111 1626 1628 1556 
3112 1558 1559 1629 
3113 1624 1558 1629 
3114 1629 1559 1630 
3122 1634 1564 1565 
3123 1564 1634 1566 
3126 1636 1566 1634 
3127 1566 1636 1571 
3129 1568 1638 1567 
3130 1568 1569 1638 
3132 1569 1639 1638 
3133 1569 1570 1639 
3134 1640 1571 1636 
3135 1639 1570 1640 
3136 1571 1640 1570 
3141 1643 1580 1574 
3146 1577 1645 1579 
3147 1581 1645 1577 
3148 1645 1646 1579 
3151 1580 1643 1647 
3152 1581 1580 1647 
3153 1648 1581 1647 
3154 1581 1648 1645 
3163 1653 1586 1601 
3165 1588 1587 1654 
3166 1592 1588 1654 
3167 1589 1654 1587 
3168 1589 1655 1654 
3169 1589 1628 1655 
3170 1590 1591 1656 
3171 1595 1590 1656 
3172 1592 1656 1591 
3173 1592 1657 1656 
3174 1592 1654 1657 
3175 1594 1658 1593 
3176 1597 1593 1658 
3177 1595 1658 1594 
3178 1595 1659 1658 
3179 1595 1656 1659 
3180 1597 1658 1660 
3181 1596 1661 1598 
3182 1597 1661 1596 
3183 1597 1660 1661 
3184 1662 1600 1598 
3185 1662 1598 1661 
3186 1599 1600 1663 
3187 1602 1599 1663 
3188 1662 1663 1600 
3189 1601 1664 1653 
3190 1601 1604 1664 
3191 1602 1665 1603 
3192 1602 1663 1665 
3193 1666 1606 1603 
3194 1666 1603 1665 
3195 1604 1667 1664 
3196 1605 1667 1604 
3197 1605 1607 1667 
3198 1608 1668 1607 
3199 1607 1668 1667 
3200 1608 1606 1668 
3201 1606 1666 1668 
3223 1680 1619 1678 
3224 1620 1619 1680 
3225 1681 1621 1620 
3226 1681 1620 1680 
3227 1621 1682 1622 
3228 1621 1681 1682 
3229 1623 1683 1627 
3230 1623 1625 1683 
3231 1629 1684 1624 
3232 1625 1624 1684 
3233 1625 1684 1683 
3234 1626 1685 1628 
3235 1626 1627 1685 
3236 1686 1627 1683 
3237 1686 1685 1627 
3238 1687 1628 1685 
3239 1687 1655 1628 
3240 1629 1630 1688 
3241 1684 1629 1688 
3242 1688 1630 1689 
3264 1647 1643 1699 
3268 1701 1700 1646 
3269 1645 1701 1646 
3270 1648 1701 1645 
3271 1647 1699 1702 
3272 1648 1647 1702 
3273 1648 1702 1701 
3281 1706 1653 1664 
3283 1655 1707 1654 
3284 1657 1654 1707 
3285 1655 1708 1707 
3286 1687 1708 1655 
3287 1657 1709 1656 
3288 1659 1656 1709 
3289 1657 1707 1709 
3290 1659 1710 1658 
3291 1660 1658 1710 
3292 1659 1709 1710 
3293 1660 1711 1661 
3294 1660 1710 1711 
3295 1662 1712 1663 
3296 1662 1661 1712 
3297 1712 1661 1711 
3298 1713 1663 1712 
3299 1713 1665 1663 
3300 1664 1714 1706 
3301 1714 1664 1667 
3302 1666 1665 1715 
3303 1666 1715 1668 
3304 1713 1715 1665 
3305 1667 1716 1714 
3306 1668 1716 1667 
3307 1668 1715 1716 
3320 1722 1677 1676 
3321 1721 1722 1676 
3322 1723 1721 1719 
3323 1677 1724 1679 
3324 1725 1724 1677 
3325 1722 1725 1677 
3326 1678 1679 1726 
3327 1724 1726 1679 
3328 1680 1678 1726 
3329 1681 1727 1682 
3330 1726 1727 1680 
3331 1680 1727 1681 
3332 1728 1726 1724 
3333 1684 1688 1729 
3334 1683 1684 1729 
3335 1686 1683 1729 
3336 1686 1729 1730 
3337 1687 1685 1730 
3338 1685 1686 1730 
3339 1687 1730 1708 
3340 1688 1689 1731 
3341 1688 1731 1729 
3342 1731 1689 1732 
3359 1702 1699 1740 
3361 1734 1700 1741 
3362 1700 1701 1741 
3363 1740 1742 1702 
3364 1702 1742 1701 
3365 1742 1741 1701 
3371 1745 1706 1714 
3373 1707 1708 1746 
3374 1707 1746 1709 
3375 1708 1747 1746 
3376 1708 1730 1747 
3377 1710 1709 1748 
3378 1709 1746 1748 
3379 1710 1748 1711 
3380 1711 1748 1749 
3381 1712 1749 1713 
3382 1712 1711 1749 
3383 1713 1749 1715 
3384 1714 1750 1745 
3385 1716 1750 1714 
3386 1750 1716 1751 
3387 1715 1751 1716 
3388 1715 1749 1751 
3393 1752 1754 1720 
3394 1719 1720 1755 
3395 1723 1719 1755 
3396 1755 1720 1754 
3397 1721 1723 1756 
3398 1722 1721 1756 
3399 1722 1756 1725 
3400 1723 1755 1757 
3401 1723 1757 1756 
3402 1725 1758 1724 
3403 1725 1756 1758 
3404 1728 1724 1758 
3405 1726 1759 1727 
3406 1728 1758 1759 
3407 1728 1759 1726 
3408 1729 1731 1761 
3409 1730 1729 1761 
3410 1747 1730 1761 
3411 1762 1732 1760 
3412 1732 1762 1731 
3413 1731 1762 1761 
3416 1764 1763 1734 
3417 1741 1764 1734 
3426 1742 1740 1768 
3428 1768 1769 1742 
3429 1764 1741 1769 
3430 1741 1742 1769 
3435 1750 1772 1745 
3437 1747 1761 1773 
3438 1746 1773 1748 
3439 1747 1773 1746 
3440 1751 1749 1774 
3441 1748 1774 1749 
3442 1748 1773 1774 
3443 1750 1775 1772 
3444 1751 1775 1750 
3445 1775 1751 1774 
3446 1777 1753 1765 
3447 1778 1752 1753 
3448 1754 1752 1778 
3449 1778 1753 1777 
3450 1779 1754 1778 
3451 1754 1780 1755 
3452 1780 1754 1779 
3453 1757 1755 1781 
3454 1781 1755 1780 
3455 1756 1782 1758 
3456 1757 1781 1782 
3457 1757 1782 1756 
3458 1758 1783 1759 
3459 1783 1758 1782 
3460 1784 1760 1776 
3461 1760 1784 1762 
3462 1762 1784 1785 
3463 1785 1761 1762 
3464 1761 1785 1773 
3465 1786 1766 1763 
3466 1764 1786 1763 
3467 1764 1769 1786 
3468 1787 1765 1766 
3469 1765 1787 1777 
3470 1766 1786 1787 
3473 1769 1768 1789 
3475 1789 1790 1769 
3476 1790 1786 1769 
3480 1775 1792 1772 
3482 1773 1793 1774 
3483 1793 1773 1785 
3484 1792 1775 1794 
3485 1774 1794 1775 
3486 1794 1774 1793 
3487 1795 1784 1776 
3488 1795 1776 1796 
3489 1777 1787 1797 
3490 1778 1777 1798 
3491 1779 1778 1798 
3492 1798 1777 1797 
3493 1779 1799 1780 
3494 1779 1798 1799 
3495 1781 1800 1782 
3496 1780 1799 1800 
3497 1781 1780 1800 
3498 1782 1801 1783 
3499 1801 1782 1800 
3500 1795 1802 1784 
3501 1784 1802 1785 
3502 1785 1802 1793 
3503 1803 1802 1795 
3504 1805 1787 1786 
3505 1790 1805 1786 
3506 1787 1805 1797 
3509 1790 1789 1807 
3510 1790 1807 1805 
3512 1797 1805 1808 
3513 1804 1797 1808 
3514 1809 1793 1802 
3517 1794 1811 1792 
3519 1811 1794 1812 
3520 1812 1794 1793 
3521 1812 1793 1809 
3522 1813 1795 1796 
3523 1803 1795 1813 
3524 1813 1814 1803 
3525 1813 1796 1815 
3526 1798 1797 1817 
3527 1799 1798 1817 
3528 1804 1817 1797 
3529 1816 1818 1804 
3530 1818 1817 1804 
3531 1799 1819 1800 
3532 1819 1799 1817 
3533 1801 1800 1820 
3534 1820 1800 1819 
3535 1809 1802 1821 
3536 1803 1821 1802 
3537 1803 1814 1821 
3538 1823 1804 1808 
3539 1822 1816 1823 
3540 1816 1804 1823 
3541 1807 1824 1805 
3542 1808 1805 1824 
3546 1826 1808 1824 
3547 1823 1808 1826 
3548 1809 1827 1812 
3549 1809 1821 1827 
3552 1812 1829 1811 
3553 1829 1812 1827 
3555 1814 1830 1821 
3556 1831 1813 1815 
3557 1814 1813 1831 
3558 1832 1814 1831 
3559 1814 1832 1830 
3560 1815 1833 1831 
3561 1835 1822 1834 
3562 1835 1816 1822 
3563 1836 1818 1816 
3564 1836 1816 1835 
3565 1837 1836 1835 
3566 1819 1817 1838 
3567 1818 1838 1817 
3568 1839 1818 1836 
3569 1839 1838 1818 
3570 1819 1840 1820 
3571 1840 1819 1838 
3572 1842 1827 1821 
3573 1830 1842 1821 
3574 1841 1834 1843 
3575 1834 1822 1843 
3576 1844 1823 1826 
3577 1843 1822 1844 
3578 1822 1823 1844 
3584 1827 1847 1829 
3585 1847 1827 1842 
3589 1830 1849 1842 
3590 1849 1830 1850 
3591 1850 1830 1832 
3592 1851 1831 1833 
3593 1832 1831 1851 
3594 1852 1832 1851 
3595 1850 1832 1852 
3596 1833 1853 1851 
3597 1854 1834 1841 
3598 1854 1855 1834 
3599 1855 1835 1834 
3600 1837 1835 1855 
3601 1856 1855 1854 
3602 1839 1836 1857 
3603 1837 1857 1836 
3604 1858 1857 1837 
3605 1837 1855 1858 
3606 1838 1859 1840 
3607 1857 1859 1839 
3608 1839 1859 1838 
3611 1841 1862 1854 
3613 1842 1863 1847 
3614 1863 1842 1849 
3626 1849 1869 1863 
3627 1870 1869 1849 
3628 1850 1870 1849 
3629 1871 1870 1850 
3630 1871 1850 1852 
3631 1872 1851 1853 
3632 1852 1851 1872 
3633 1873 1852 1872 
3634 1871 1852 1873 
3635 1874 1872 1853 
3636 1875 1854 1862 
3637 1856 1854 1875 
3638 1876 1875 1862 
3639 1858 1855 1877 
3640 1856 1877 1855 
3641 1856 1875 1878 
3642 1856 1878 1877 
3643 1857 1879 1859 
3644 1877 1879 1858 
3645 1858 1879 1857 
3650 1862 1881 1882 
3651 1882 1876 1862 
3652 1882 1883 1876 
3665 1870 1890 1869 
3667 1873 1891 1871 
3668 1890 1870 1891 
3669 1871 1891 1870 
3670 1892 1872 1874 
3671 1872 1892 1873 
3672 1893 1873 1892 
3673 1893 1891 1873 
3674 1894 1891 1893 
3675 1895 1892 1874 
3676 1878 1875 1896 
3677 1876 1896 1875 
3678 1883 1896 1876 
3679 1877 1897 1879 
3680 1878 1896 1897 
3681 1878 1897 1877 
3685 1882 1881 1901 
3686 1882 1901 1883 
3688 1883 1901 1902 
3689 1883 1902 1896 
3690 1900 1896 1902 
3703 1909 1890 1891 
3704 1894 1909 1891 
3706 1910 1892 1895 
3707 1893 1892 1910 
3708 1911 1894 1893 
3709 1911 1893 1910 
3710 1894 1912 1909 
3711 1894 1911 1912 
3712 1910 1895 1913 
3713 1896 1914 1897 
3714 1900 1914 1896 
3719 1900 1917 1914 
3720 1900 1902 1917 
3721 1901 1918 1902 
3722 1902 1918 1917 
3737 1911 1925 1912 
3738 1913 1925 1910 
3739 1911 1910 1925 
3742 1925 1913 1927 
3743 1917 1928 1914 
3744 1929 1928 1917 
3748 1918 1931 1917 
3749 1929 1917 1931 
3762 1927 1937 1925 
3765 1938 1937 1927 
3766 1929 1939 1928 
3767 1939 1941 1928 
3768 1929 1931 1942 
3769 1929 1942 1939 
3770 1940 1939 1942 
3783 1937 1938 1949 
3786 1950 1949 1938 
3787 1940 1942 1951 
3788 1952 1941 1939 
3789 1940 1952 1939 
3790 1953 1940 1951 
3791 1953 1952 1940 
3792 1952 1954 1941 
3807 1961 1949 1962 
3808 1950 1962 1949 
3810 1953 1951 1964 
3812 1965 1954 1952 
3813 1953 1965 1952 
3814 1953 1964 1965 
3826 1962 1971 1961 
3827 1969 1961 1971 
3830 1964 1972 1973 
3831 1964 1973 1965 
3837 1970 1969 1976 
3838 1971 1976 1969 
3839 1970 1976 1975 
3840 1972 1977 1973 
3841 1977 1972 1974 
3842 1975 1978 1974 
3843 1974 1978 1977 
3844 1978 1975 1976 
2 2 2 274
1055 606 493 605 
1058 606 608 493 
1291 606 729 608 
1292 606 605 729 
1293 605 607 729 
1294 607 609 730 
1295 730 729 607 
1298 733 730 609 
1299 609 727 733 
1328 746 736 626 
1329 747 746 626 
1330 747 626 748 
1336 631 750 749 
1337 750 631 751 
1338 751 631 752 
1350 757 753 755 
1533 727 728 850 
1534 850 733 727 
1535 851 850 728 
1536 728 734 851 
1546 734 857 851 
1547 735 857 734 
1548 735 858 857 
1549 746 858 736 
1550 736 858 735 
1551 859 740 841 
1556 861 860 740 
1557 740 859 861 
1558 862 742 860 
1561 864 863 742 
1562 862 864 742 
1566 866 754 745 
1567 867 745 865 
1568 867 866 745 
1569 746 868 858 
1570 747 868 746 
1571 747 748 868 
1572 750 869 749 
1573 868 748 869 
1574 749 869 748 
1575 751 752 870 
1576 750 870 869 
1577 751 870 750 
1578 870 752 871 
1579 757 871 753 
1580 753 871 752 
1581 866 872 754 
1582 754 872 756 
1583 756 872 873 
1584 757 873 871 
1585 755 756 873 
1586 757 755 873 
1716 945 944 943 
1728 951 946 950 
1732 953 831 949 
1733 954 952 831 
1734 831 953 954 
1753 964 841 844 
1754 841 964 859 
1758 966 844 965 
1759 844 966 964 
1760 967 965 849 
1767 970 849 969 
1768 967 849 970 
1786 859 964 980 
1787 859 980 861 
1788 862 860 981 
1789 862 981 864 
1790 860 861 981 
1791 861 980 981 
1792 864 981 982 
1793 864 982 863 
1794 863 982 865 
1795 983 865 982 
1796 867 865 983 
1797 866 983 872 
1798 867 983 866 
1828 883 998 943 
1829 884 997 999 
1830 998 883 999 
1831 884 999 883 
1835 1001 887 994 
1836 1002 1000 887 
1837 887 1001 1002 
1953 961 947 1066 
1954 1067 943 998 
1955 945 943 1067 
1956 945 1067 1068 
1957 945 1068 944 
1958 948 944 1068 
1959 947 1069 1066 
1960 951 1069 946 
1961 946 1069 947 
1962 1068 1070 948 
1963 949 948 1070 
1964 953 949 1070 
1965 951 1071 1069 
1966 950 952 1071 
1967 951 950 1071 
1968 1072 1071 952 
1969 953 1070 1072 
1970 954 1072 952 
1971 954 953 1072 
1979 1076 963 1075 
1980 959 1077 1073 
1981 960 1078 959 
1982 960 962 1078 
1983 1077 959 1078 
1984 1079 1078 962 
1985 1066 1079 961 
1986 962 961 1079 
1988 1076 1081 963 
1989 968 963 1081 
1990 964 1086 980 
1991 1086 964 966 
1992 967 1087 965 
1993 967 970 1087 
1994 966 1087 1086 
1995 965 1087 966 
1996 1081 1088 968 
1997 970 1088 1087 
1998 969 968 1088 
1999 970 969 1088 
2041 1108 996 993 
2042 1109 993 1107 
2043 993 1109 1108 
2044 1110 994 995 
2045 994 1110 1001 
2046 1111 995 996 
2047 996 1108 1111 
2048 995 1111 1110 
2049 1112 999 997 
2050 997 1000 1112 
2055 1115 1112 1000 
2056 1115 1000 1002 
2057 1002 1116 1115 
2058 1001 1116 1002 
2059 1001 1110 1116 
2060 1117 1107 1003 
2061 1118 1003 1034 
2062 1003 1118 1117 
2117 1145 1118 1034 
2122 1034 1148 1145 
2199 1188 1073 1077 
2200 1073 1188 1074 
2201 1074 1189 1075 
2202 1189 1074 1188 
2203 1190 1075 1189 
2204 1076 1075 1190 
2205 1076 1190 1081 
2265 1109 1107 1224 
2266 1117 1224 1107 
2267 1109 1224 1225 
2268 1108 1225 1111 
2269 1108 1109 1225 
2270 1111 1225 1226 
2271 1110 1226 1116 
2272 1226 1110 1111 
2282 1117 1231 1224 
2283 1118 1231 1117 
2284 1118 1145 1231 
2336 1145 1257 1231 
2337 1257 1145 1148 
2342 1257 1148 1260 
2343 1258 1260 1148 
2550 1259 1361 1258 
2551 1260 1258 1361 
2552 1259 1262 1361 
2557 1262 1363 1364 
2558 1364 1361 1262 
2559 1365 1268 1353 
2569 1370 1269 1268 
2570 1268 1365 1370 
2571 1371 1368 1269 
2572 1269 1370 1371 
2600 1385 1384 1293 
2615 1392 1339 1390 
2616 1385 1293 1393 
2699 1430 1340 1339 
2700 1339 1392 1430 
2701 1431 1343 1340 
2702 1340 1430 1431 
2706 1433 1432 1343 
2707 1343 1431 1433 
2711 1435 1434 1346 
2712 1436 1346 1347 
2713 1346 1436 1435 
2714 1347 1432 1437 
2715 1437 1436 1347 
2716 1438 1349 1348 
2717 1439 1348 1434 
2718 1348 1439 1438 
2719 1440 1350 1349 
2720 1349 1438 1440 
2721 1441 1351 1350 
2722 1350 1440 1441 
2723 1442 1352 1351 
2724 1351 1441 1442 
2725 1443 1356 1352 
2726 1352 1442 1443 
2727 1444 1353 1354 
2728 1353 1444 1365 
2729 1445 1354 1355 
2730 1354 1445 1444 
2731 1446 1355 1357 
2732 1355 1446 1445 
2733 1447 1359 1356 
2734 1356 1443 1447 
2735 1448 1357 1358 
2736 1357 1448 1446 
2737 1449 1358 1359 
2738 1358 1449 1448 
2739 1359 1447 1449 
2746 1453 1364 1363 
2747 1363 1366 1453 
2750 1365 1455 1370 
2751 1365 1444 1455 
2752 1366 1367 1456 
2753 1456 1453 1366 
2754 1457 1456 1367 
2755 1367 1369 1457 
2756 1369 1458 1457 
2757 1371 1458 1368 
2758 1368 1458 1369 
2759 1371 1459 1458 
2760 1370 1455 1459 
2761 1459 1371 1370 
2786 1385 1393 1473 
2787 1385 1473 1384 
2788 1384 1473 1386 
2789 1386 1474 1387 
2790 1474 1386 1473 
2791 1475 1387 1474 
2792 1387 1475 1388 
2793 1388 1476 1389 
2794 1476 1388 1475 
2795 1477 1389 1476 
2796 1389 1477 1391 
2797 1391 1477 1478 
2798 1390 1391 1478 
2799 1390 1478 1392 
2800 1392 1478 1479 
2801 1392 1479 1430 
2874 1430 1479 1516 
2875 1431 1516 1433 
2876 1431 1430 1516 
2877 1433 1516 1517 
2878 1437 1432 1517 
2879 1432 1433 1517 
2880 1439 1434 1518 
2881 1435 1518 1434 
2882 1437 1517 1519 
2883 1435 1519 1518 
2884 1436 1519 1435 
2885 1436 1437 1519 
2886 1439 1518 1520 
2887 1438 1520 1440 
2888 1438 1439 1520 
2889 1440 1520 1521 
2890 1521 1441 1440 
2891 1441 1521 1522 
2892 1442 1522 1443 
2893 1442 1441 1522 
2894 1443 1522 1523 
2895 1523 1447 1443 
2896 1444 1524 1455 
2897 1524 1444 1445 
2898 1445 1525 1524 
2899 1446 1525 1445 
2900 1446 1448 1525 
2901 1448 1526 1525 
2902 1447 1523 1526 
2903 1449 1526 1448 
2904 1449 1447 1526 
2 3 2 794
235 156 164 143 
236 163 143 164 
243 169 109 108 
244 169 108 168 
245 110 109 170 
246 169 170 109 
247 111 110 171 
248 171 110 170 
249 167 111 172 
250 172 111 171 
297 163 198 143 
298 163 162 198 
347 157 227 156 
348 227 164 156 
349 226 228 157 
350 228 227 157 
357 162 231 230 
358 163 231 162 
359 164 231 163 
360 227 232 164 
361 232 231 164 
368 237 235 167 
369 237 167 172 
370 238 235 237 
371 239 168 173 
372 169 168 239 
373 169 239 170 
374 171 170 240 
375 170 239 240 
376 172 171 241 
377 241 171 240 
378 237 172 242 
379 242 172 241 
380 243 173 229 
381 239 173 243 
429 272 244 273 
493 304 305 226 
494 305 228 226 
495 228 306 227 
496 306 232 227 
497 305 307 228 
498 307 306 228 
499 308 232 306 
500 309 229 230 
501 229 309 243 
502 231 309 230 
503 310 309 231 
504 232 310 231 
505 308 310 232 
508 238 312 235 
513 238 237 314 
514 314 237 242 
515 315 312 238 
516 238 314 315 
517 316 314 242 
518 317 239 243 
519 240 239 317 
520 241 240 318 
521 318 240 317 
522 242 241 319 
523 316 242 319 
524 319 241 318 
525 320 317 243 
526 321 243 309 
527 320 243 321 
528 244 245 322 
529 273 244 322 
530 323 245 246 
531 323 322 245 
532 323 246 324 
536 256 327 328 
547 328 336 256 
557 336 341 256 
558 336 335 341 
559 341 335 342 
560 334 342 335 
565 334 333 345 
566 334 345 342 
599 274 272 363 
600 363 272 273 
601 273 322 364 
602 363 273 365 
603 365 273 364 
604 366 274 363 
607 366 369 274 
671 304 403 404 
672 305 304 404 
673 405 305 404 
674 405 307 305 
675 307 406 306 
676 308 306 406 
677 405 407 307 
678 407 406 307 
679 308 408 310 
680 308 406 408 
681 409 321 309 
682 409 309 310 
683 408 409 310 
686 411 313 312 
687 312 315 411 
688 313 412 410 
689 313 411 412 
690 314 413 315 
691 314 316 413 
692 414 411 315 
693 414 315 413 
694 316 415 413 
695 316 319 415 
696 416 317 320 
697 416 318 317 
698 415 319 417 
699 319 318 417 
700 417 318 416 
701 418 416 320 
702 419 320 321 
703 418 320 419 
704 420 321 409 
705 421 321 420 
706 421 419 321 
709 323 324 424 
710 323 424 322 
711 322 424 364 
712 424 324 425 
717 327 426 427 
718 427 328 327 
719 428 336 328 
720 328 427 429 
721 429 428 328 
728 333 432 431 
729 334 432 333 
730 335 432 334 
731 336 433 335 
732 433 432 335 
733 428 433 336 
783 364 424 461 
787 363 464 366 
788 464 363 365 
789 365 364 465 
790 465 364 461 
791 466 464 365 
792 466 365 465 
793 467 369 366 
794 467 366 468 
795 468 366 464 
799 369 467 471 
842 491 392 490 
845 491 493 392 
867 505 404 403 
868 504 506 403 
869 506 505 403 
870 505 507 404 
871 405 404 507 
872 405 507 407 
873 508 407 507 
874 508 509 407 
875 407 509 406 
876 406 509 408 
877 408 509 510 
878 420 409 510 
879 408 510 409 
880 410 511 498 
881 512 511 410 
882 412 512 410 
883 411 414 513 
884 412 513 512 
885 412 411 513 
886 414 514 513 
887 414 413 514 
888 413 415 514 
889 415 515 514 
890 415 417 515 
891 417 516 515 
892 418 516 416 
893 417 416 516 
894 418 517 516 
895 418 419 517 
896 510 518 420 
897 419 519 517 
898 421 519 419 
899 520 420 518 
900 421 520 519 
901 421 420 520 
909 425 430 526 
910 424 425 526 
911 461 424 526 
912 426 522 527 
913 527 427 426 
914 427 527 528 
915 528 429 427 
916 428 529 433 
917 428 429 529 
918 530 429 528 
919 530 529 429 
920 431 531 430 
921 430 531 526 
922 432 531 431 
923 532 531 432 
924 433 532 432 
925 529 532 433 
988 461 526 570 
989 571 461 570 
990 571 465 461 
995 468 464 574 
996 466 574 464 
997 466 575 574 
998 466 465 575 
999 571 575 465 
1000 467 576 471 
1001 467 468 576 
1002 577 468 574 
1003 577 576 468 
1009 471 581 578 
1010 581 471 576 
1011 582 578 583 
1012 583 578 581 
1052 491 605 493 
1053 490 492 605 
1054 491 490 605 
1056 492 494 607 
1057 607 605 492 
1059 609 607 494 
1060 494 603 609 
1061 610 604 495 
1062 611 495 496 
1063 495 611 610 
1064 612 496 497 
1065 496 612 611 
1066 497 499 613 
1067 497 613 612 
1068 614 498 511 
1069 499 498 615 
1070 615 613 499 
1071 615 498 614 
1074 616 617 504 
1080 506 504 620 
1081 617 620 504 
1082 621 507 505 
1083 622 506 620 
1084 506 622 505 
1085 622 621 505 
1086 621 623 507 
1087 508 507 623 
1088 508 623 624 
1089 508 624 509 
1090 624 625 509 
1091 518 510 625 
1092 625 510 509 
1093 614 511 626 
1094 511 627 626 
1095 512 627 511 
1096 512 513 627 
1097 514 515 628 
1098 628 629 514 
1099 513 629 627 
1100 513 514 629 
1101 515 630 628 
1102 515 516 630 
1103 628 630 631 
1104 632 630 516 
1105 632 516 517 
1106 625 633 518 
1107 517 634 632 
1108 634 517 519 
1109 633 635 518 
1110 520 518 635 
1111 635 636 520 
1112 519 636 634 
1113 636 519 520 
1117 639 527 522 
1118 640 639 522 
1119 640 522 641 
1127 645 526 531 
1128 570 526 645 
1129 639 646 527 
1130 528 527 646 
1131 647 528 646 
1132 530 528 647 
1133 529 648 532 
1134 647 648 530 
1135 530 648 529 
1136 649 645 531 
1137 649 531 532 
1138 532 648 649 
1150 543 535 657 
1151 658 535 536 
1152 658 657 535 
1153 658 536 659 
1166 546 543 665 
1167 665 543 657 
1174 669 546 670 
1175 670 546 665 
1222 695 570 645 
1223 695 696 570 
1224 575 571 696 
1225 571 570 696 
1230 575 696 699 
1231 577 574 699 
1232 574 575 699 
1233 576 700 581 
1234 576 577 700 
1235 577 699 700 
1236 582 701 578 
1241 703 581 700 
1242 583 581 703 
1243 582 704 701 
1244 583 705 582 
1245 582 705 704 
1246 705 583 703 
1253 709 706 702 
1272 598 719 618 
1277 720 722 598 
1278 719 598 722 
1287 603 604 727 
1288 727 609 603 
1289 728 727 604 
1290 610 728 604 
1300 610 734 728 
1301 734 610 611 
1302 611 735 734 
1303 612 613 735 
1304 612 735 611 
1305 614 626 736 
1306 613 736 735 
1307 615 614 736 
1308 615 736 613 
1309 737 616 619 
1310 617 616 737 
1311 617 738 620 
1312 617 737 738 
1313 619 618 739 
1314 618 719 739 
1315 619 739 737 
1316 739 719 740 
1317 620 738 741 
1318 622 620 741 
1319 621 741 623 
1320 622 741 621 
1321 738 742 741 
1322 623 741 743 
1323 623 743 624 
1324 624 743 744 
1325 744 633 625 
1326 624 744 625 
1327 744 745 633 
1331 748 626 627 
1332 627 629 748 
1333 628 631 749 
1334 629 749 748 
1335 629 628 749 
1339 631 630 752 
1340 632 752 630 
1341 752 632 753 
1342 634 753 632 
1343 754 633 745 
1344 633 754 635 
1345 634 755 753 
1346 755 634 636 
1347 754 756 635 
1348 636 756 755 
1349 756 636 635 
1355 760 646 639 
1356 640 761 639 
1357 761 760 639 
1358 640 641 762 
1359 762 761 640 
1360 762 641 763 
1361 764 763 641 
1368 767 695 645 
1369 767 768 695 
1370 767 645 769 
1371 769 645 649 
1372 760 770 646 
1373 647 646 770 
1374 647 770 648 
1375 648 770 771 
1376 769 649 771 
1377 771 649 648 
1387 777 776 653 
1388 777 653 654 
1389 655 778 654 
1390 777 654 778 
1391 655 656 779 
1392 779 778 655 
1393 656 775 780 
1394 780 779 656 
1395 665 657 781 
1396 658 659 782 
1397 658 782 657 
1398 781 657 782 
1399 659 783 782 
1408 670 665 786 
1409 786 665 781 
1410 787 786 781 
1420 789 669 794 
1421 794 669 670 
1422 670 795 794 
1423 795 670 786 
1424 796 789 794 
1472 768 821 695 
1473 821 696 695 
1474 822 696 821 
1475 699 696 822 
1480 699 822 825 
1481 700 699 825 
1482 703 700 825 
1483 702 701 826 
1484 704 826 701 
1485 709 702 826 
1486 703 825 827 
1487 704 827 826 
1488 705 703 827 
1489 705 827 704 
1490 828 823 707 
1491 706 829 708 
1492 706 709 829 
1493 707 708 830 
1494 708 829 830 
1495 830 828 707 
1496 709 831 829 
1497 709 826 831 
1516 719 841 740 
1517 841 719 722 
1518 842 720 721 
1519 722 720 842 
1520 843 721 725 
1521 721 843 842 
1522 722 844 841 
1523 844 722 842 
1527 846 845 836 
1528 847 725 726 
1529 725 847 843 
1530 848 726 845 
1531 726 848 847 
1532 849 843 847 
1552 740 860 739 
1553 738 860 742 
1554 738 737 860 
1555 739 860 737 
1559 742 863 741 
1560 743 741 863 
1563 743 863 865 
1564 745 744 865 
1565 865 744 743 
1591 760 876 770 
1592 760 761 876 
1593 761 877 876 
1594 762 877 761 
1595 762 763 877 
1596 763 764 878 
1597 878 877 763 
1598 765 874 879 
1599 766 880 764 
1600 878 764 880 
1601 881 880 766 
1602 881 765 879 
1603 881 766 765 
1604 767 882 768 
1605 767 769 882 
1606 883 821 768 
1607 768 884 883 
1608 884 768 882 
1609 882 769 885 
1610 885 769 771 
1611 770 876 886 
1612 771 886 885 
1613 886 771 770 
1614 887 886 876 
1622 775 891 892 
1623 892 780 775 
1624 893 779 780 
1625 776 894 785 
1626 777 894 776 
1627 778 894 777 
1628 779 895 778 
1629 893 895 779 
1630 895 894 778 
1631 780 892 896 
1632 896 893 780 
1633 781 782 897 
1634 787 781 897 
1635 898 783 784 
1636 783 898 782 
1637 897 782 898 
1638 899 784 785 
1639 784 899 898 
1640 785 894 899 
1642 795 786 901 
1643 787 901 786 
1644 787 897 902 
1645 787 902 901 
1648 789 796 904 
1658 909 795 901 
1659 796 794 910 
1660 794 795 910 
1661 909 910 795 
1662 911 904 796 
1663 796 910 911 
1664 912 904 911 
1712 883 943 821 
1713 822 821 943 
1714 943 944 822 
1715 944 825 822 
1717 828 946 823 
1718 824 823 946 
1719 947 838 824 
1720 946 947 824 
1721 948 825 944 
1722 827 825 948 
1723 827 948 949 
1724 826 949 831 
1725 826 827 949 
1726 950 946 828 
1727 828 830 950 
1729 829 831 952 
1730 830 952 950 
1731 952 830 829 
1742 958 836 957 
1743 836 958 846 
1744 837 959 955 
1745 959 837 960 
1746 839 960 837 
1747 838 961 840 
1748 961 838 947 
1749 840 962 839 
1750 960 839 962 
1751 962 840 961 
1752 963 846 958 
1755 843 849 965 
1756 842 965 844 
1757 965 842 843 
1761 846 963 968 
1762 848 845 968 
1763 846 968 845 
1764 848 968 969 
1765 847 969 849 
1766 969 847 848 
1812 875 991 874 
1813 874 991 879 
1814 992 875 888 
1815 991 875 992 
1816 993 879 991 
1817 994 887 876 
1818 877 994 876 
1819 994 877 995 
1820 878 995 877 
1821 878 880 995 
1822 879 993 996 
1823 880 996 995 
1824 881 996 880 
1825 881 879 996 
1826 882 997 884 
1827 997 882 885 
1832 1000 886 887 
1833 885 1000 997 
1834 1000 885 886 
1838 915 1003 888 
1839 992 888 1003 
1846 891 1007 1008 
1847 1008 892 891 
1848 892 1008 1009 
1849 1009 896 892 
1851 893 1011 895 
1852 893 896 1011 
1853 1012 899 894 
1854 895 1012 894 
1855 1011 1012 895 
1856 1013 896 1009 
1857 1013 1011 896 
1858 897 898 1014 
1859 902 897 1014 
1860 1015 898 899 
1861 1014 898 1015 
1862 1016 1015 899 
1863 1016 899 1012 
1864 1017 902 1014 
1868 902 1017 1020 
1869 901 902 1020 
1870 909 901 1020 
1873 912 1022 904 
1883 909 1027 910 
1884 909 1020 1027 
1885 1028 910 1027 
1886 1028 911 910 
1887 912 911 1029 
1888 911 1028 1029 
1889 1030 1022 912 
1890 1030 912 1029 
1891 1031 1022 1030 
1896 1003 915 1034 
1897 1034 915 1035 
1972 1073 955 959 
1973 955 1073 956 
1974 956 1074 957 
1975 1074 956 1073 
1976 1075 957 1074 
1977 958 1075 963 
1978 958 957 1075 
2038 1107 992 1003 
2039 991 1107 993 
2040 992 1107 991 
2068 1121 1007 1120 
2069 1122 1008 1007 
2070 1121 1122 1007 
2071 1122 1123 1008 
2072 1009 1008 1123 
2073 1123 1124 1009 
2074 1009 1124 1013 
2075 1125 1010 1119 
2076 1126 1120 1010 
2077 1125 1126 1010 
2078 1011 1127 1012 
2079 1013 1124 1127 
2080 1013 1127 1011 
2081 1012 1127 1016 
2082 1128 1014 1015 
2083 1017 1014 1128 
2084 1129 1015 1016 
2085 1129 1128 1015 
2086 1130 1016 1127 
2087 1130 1129 1016 
2088 1131 1132 1128 
2089 1132 1017 1128 
2090 1132 1133 1017 
2091 1133 1020 1017 
2097 1137 1020 1133 
2098 1027 1020 1137 
2101 1031 1139 1022 
2109 1027 1137 1142 
2110 1028 1142 1029 
2111 1028 1027 1142 
2112 1030 1143 1031 
2113 1030 1029 1143 
2114 1029 1142 1143 
2115 1031 1144 1139 
2116 1031 1143 1144 
2123 1035 1146 1148 
2124 1148 1034 1035 
2142 1157 1156 1134 
2285 1175 1232 1119 
2286 1233 1119 1232 
2287 1125 1119 1233 
2288 1121 1120 1234 
2289 1126 1234 1120 
2290 1235 1121 1234 
2291 1121 1235 1122 
2292 1236 1123 1122 
2293 1235 1236 1122 
2294 1236 1237 1123 
2295 1123 1237 1124 
2296 1124 1237 1238 
2297 1124 1238 1127 
2298 1125 1239 1126 
2299 1125 1233 1239 
2300 1126 1239 1234 
2301 1130 1127 1240 
2302 1238 1240 1127 
2303 1131 1128 1241 
2304 1241 1128 1129 
2305 1130 1240 1242 
2306 1241 1129 1242 
2307 1242 1129 1130 
2308 1238 1243 1240 
2309 1131 1241 1244 
2310 1131 1244 1245 
2311 1131 1245 1132 
2312 1246 1132 1245 
2313 1246 1133 1132 
2314 1247 1133 1246 
2315 1137 1133 1247 
2316 1248 1134 1135 
2317 1134 1248 1157 
2318 1249 1135 1136 
2319 1135 1249 1248 
2320 1136 1138 1250 
2321 1250 1249 1136 
2322 1247 1251 1137 
2323 1251 1142 1137 
2324 1138 1140 1252 
2325 1138 1252 1250 
2326 1139 1253 1141 
2327 1144 1253 1139 
2328 1141 1254 1140 
2329 1140 1254 1252 
2330 1141 1253 1254 
2331 1255 1142 1251 
2332 1143 1142 1255 
2333 1256 1143 1255 
2334 1144 1256 1253 
2335 1144 1143 1256 
2338 1146 1147 1258 
2339 1258 1148 1146 
2340 1259 1258 1147 
2341 1147 1150 1259 
2346 1150 1261 1262 
2347 1262 1259 1150 
2353 1265 1154 1156 
2354 1266 1155 1154 
2355 1154 1265 1266 
2356 1267 1264 1155 
2357 1155 1266 1267 
2358 1157 1248 1268 
2359 1268 1269 1157 
2360 1265 1156 1269 
2361 1157 1269 1156 
2387 1284 1283 1179 
2397 1176 1289 1175 
2398 1175 1289 1232 
2399 1290 1176 1177 
2400 1176 1290 1289 
2401 1291 1177 1178 
2402 1177 1291 1290 
2403 1292 1178 1288 
2404 1178 1292 1291 
2405 1284 1179 1293 
2502 1232 1289 1339 
2503 1232 1339 1340 
2504 1233 1340 1239 
2505 1233 1232 1340 
2506 1234 1239 1341 
2507 1235 1234 1341 
2508 1236 1341 1237 
2509 1235 1341 1236 
2510 1237 1341 1342 
2511 1243 1238 1342 
2512 1237 1342 1238 
2513 1239 1340 1343 
2514 1239 1343 1341 
2515 1240 1243 1344 
2516 1344 1242 1240 
2517 1242 1344 1345 
2518 1244 1241 1345 
2519 1345 1241 1242 
2520 1346 1344 1243 
2521 1243 1347 1346 
2522 1347 1243 1342 
2523 1348 1244 1345 
2524 1244 1348 1349 
2525 1349 1245 1244 
2526 1245 1349 1350 
2527 1350 1246 1245 
2528 1350 1351 1246 
2529 1351 1247 1246 
2530 1352 1247 1351 
2531 1352 1251 1247 
2532 1248 1353 1268 
2533 1353 1248 1249 
2534 1249 1354 1353 
2535 1354 1249 1250 
2536 1250 1355 1354 
2537 1355 1250 1252 
2538 1251 1352 1356 
2539 1356 1255 1251 
2540 1252 1357 1355 
2541 1254 1357 1252 
2542 1254 1358 1357 
2543 1253 1256 1358 
2544 1253 1358 1254 
2545 1255 1356 1359 
2546 1359 1358 1256 
2547 1256 1255 1359 
2555 1363 1262 1261 
2556 1261 1263 1363 
2560 1263 1264 1366 
2561 1366 1363 1263 
2562 1367 1366 1264 
2563 1267 1367 1264 
2564 1265 1269 1368 
2565 1368 1266 1265 
2566 1267 1369 1367 
2567 1266 1368 1369 
2568 1369 1267 1266 
2597 1284 1293 1384 
2598 1284 1384 1283 
2599 1283 1384 1285 
2601 1285 1386 1286 
2602 1386 1285 1384 
2603 1387 1286 1386 
2604 1286 1387 1287 
2605 1287 1388 1288 
2606 1388 1287 1387 
2607 1389 1288 1388 
2608 1292 1288 1389 
2609 1289 1390 1339 
2610 1290 1390 1289 
2611 1290 1291 1390 
2612 1292 1389 1391 
2613 1291 1391 1390 
2614 1391 1291 1292 
2703 1342 1432 1347 
2704 1343 1432 1341 
2705 1342 1341 1432 
2708 1344 1346 1434 
2709 1345 1434 1348 
2710 1434 1345 1344 
2 4 2 986
1 3 1 2 
2 4 5 1 
3 9 2 8 
4 3 10 1 
5 4 1 10 
6 3 11 10 
7 9 11 2 
8 3 2 11 
9 12 6 13 
10 4 10 14 
11 4 15 5 
12 4 14 15 
13 16 7 6 
14 12 16 6 
15 17 8 7 
16 7 16 17 
17 9 8 17 
18 9 18 11 
19 18 9 17 
20 14 10 19 
24 22 16 12 
25 12 23 22 
26 23 12 13 
27 24 23 13 
28 24 13 25 
29 27 28 21 
30 19 29 14 
31 14 31 15 
32 31 14 29 
33 16 22 32 
34 32 17 16 
35 17 32 18 
39 29 19 35 
40 30 29 35 
44 37 27 38 
45 27 21 38 
46 38 21 39 
51 24 44 23 
52 24 25 44 
54 45 25 26 
55 45 44 25 
56 26 28 46 
57 45 26 46 
58 27 37 47 
59 47 46 28 
60 27 47 28 
61 30 35 48 
62 30 48 49 
63 29 50 31 
64 49 50 30 
65 30 50 29 
76 38 56 37 
78 57 39 40 
79 56 38 57 
80 39 57 38 
81 40 58 57 
82 58 40 59 
83 60 59 61 
90 64 44 65 
91 45 65 44 
92 45 46 65 
93 66 46 47 
94 66 65 46 
95 66 47 67 
99 68 70 48 
100 70 49 48 
101 49 71 50 
102 49 70 71 
115 80 57 58 
116 57 80 56 
118 58 81 80 
119 60 81 59 
120 58 59 81 
121 60 82 81 
122 82 60 83 
123 83 60 61 
124 83 61 84 
125 86 87 78 
131 91 64 92 
132 92 64 65 
133 66 67 93 
134 66 93 65 
135 92 65 93 
136 94 93 67 
139 98 70 68 
140 99 98 68 
144 101 71 70 
145 98 101 70 
146 101 102 71 
156 97 109 110 
157 110 96 97 
158 96 110 111 
159 106 96 111 
165 86 78 117 
166 117 78 115 
167 118 86 117 
168 119 120 88 
176 125 85 87 
177 83 126 82 
178 83 84 126 
180 85 127 84 
181 125 127 85 
182 126 84 127 
183 86 118 128 
184 125 87 128 
185 86 128 87 
186 129 119 88 
187 129 88 130 
194 138 137 91 
195 138 91 92 
196 138 92 139 
197 139 92 93 
198 140 93 94 
199 139 93 140 
200 140 94 141 
203 145 96 106 
204 146 101 98 
207 148 147 108 
208 109 148 108 
209 97 148 109 
210 96 149 97 
211 145 149 96 
212 97 149 148 
213 150 98 99 
214 146 98 150 
215 151 150 99 
218 152 102 101 
219 146 152 101 
220 152 153 102 
221 154 145 106 
222 144 156 143 
223 156 144 155 
224 155 157 156 
237 166 154 106 
238 165 154 166 
239 106 111 167 
240 166 106 167 
260 178 115 116 
261 115 178 117 
262 179 116 120 
263 116 179 178 
264 117 180 118 
265 180 117 178 
268 182 119 129 
269 119 182 183 
270 119 183 120 
271 179 120 183 
280 125 128 188 
281 125 188 127 
282 187 126 189 
283 127 189 126 
284 189 127 188 
285 188 128 190 
287 129 192 182 
288 192 129 130 
290 193 192 130 
291 193 130 194 
306 202 201 137 
307 202 137 138 
308 203 202 138 
309 203 138 139 
310 204 139 140 
311 203 139 204 
312 205 141 196 
313 205 140 141 
314 204 140 205 
319 143 198 211 
320 144 143 211 
321 144 212 155 
322 144 211 212 
323 145 154 213 
324 145 213 149 
325 146 150 214 
326 146 214 152 
327 215 151 147 
328 148 215 147 
329 149 215 148 
330 216 215 149 
331 216 149 213 
332 217 150 151 
333 217 214 150 
334 218 151 215 
335 218 217 151 
336 220 219 153 
337 153 152 220 
338 214 220 152 
339 165 221 154 
340 154 221 213 
341 221 222 213 
342 155 212 223 
343 224 157 155 
344 224 155 223 
345 226 157 224 
346 225 226 224 
362 165 233 221 
363 165 166 234 
364 165 234 233 
365 167 235 166 
366 234 166 235 
367 236 233 234 
382 244 207 208 
383 208 245 244 
393 179 183 251 
394 251 178 179 
395 178 251 180 
412 263 187 264 
413 189 264 187 
414 190 265 188 
415 264 189 265 
416 188 265 189 
417 266 265 190 
422 269 268 192 
423 193 269 192 
424 193 194 270 
425 270 269 193 
426 271 207 195 
427 207 244 272 
428 195 207 272 
430 195 272 274 
431 275 195 274 
432 275 276 195 
433 271 195 276 
434 210 277 196 
435 277 205 196 
438 211 198 279 
443 201 281 280 
444 281 201 202 
445 281 202 282 
446 203 282 202 
447 203 204 282 
448 277 283 205 
449 283 204 205 
450 283 282 204 
453 285 284 246 
454 245 285 246 
455 208 285 245 
456 207 286 208 
457 271 286 207 
458 208 286 285 
461 210 287 288 
462 288 277 210 
463 211 279 290 
464 212 211 290 
465 223 212 291 
466 212 290 291 
467 289 223 291 
468 216 213 292 
469 222 292 213 
470 214 217 293 
471 293 220 214 
472 218 215 294 
473 216 294 215 
474 216 292 294 
475 218 295 217 
476 218 294 295 
477 295 293 217 
478 296 219 220 
479 296 297 219 
480 298 296 220 
481 298 220 293 
482 299 292 222 
483 233 300 221 
484 221 300 222 
485 222 301 299 
486 301 222 300 
487 225 224 302 
488 224 223 302 
489 289 302 223 
490 225 302 303 
491 225 304 226 
492 225 303 304 
506 236 311 233 
507 233 311 300 
509 235 312 234 
510 236 234 312 
511 236 312 313 
512 236 313 311 
561 343 327 256 
562 326 327 343 
563 256 341 344 
564 343 256 344 
568 346 342 345 
580 352 350 263 
581 263 264 352 
582 352 264 353 
583 353 264 265 
584 355 265 266 
585 353 265 355 
586 355 266 356 
592 359 358 268 
593 268 269 359 
594 269 270 360 
595 360 359 269 
596 361 358 359 
597 271 276 362 
598 271 362 286 
605 367 276 275 
606 367 275 368 
608 274 369 275 
609 368 275 369 
610 367 370 276 
611 276 370 362 
612 288 371 277 
613 371 283 277 
614 372 281 282 
615 290 279 373 
618 280 374 373 
619 374 280 281 
620 372 374 281 
621 372 282 375 
622 283 375 282 
623 371 375 283 
624 376 287 284 
625 285 376 284 
626 286 376 285 
627 286 377 376 
628 362 377 286 
629 378 287 376 
630 379 288 287 
631 378 379 287 
632 380 288 379 
633 380 371 288 
634 289 381 302 
635 289 291 382 
636 289 382 381 
637 383 290 373 
638 384 382 291 
639 383 385 290 
640 291 290 385 
641 384 291 385 
642 386 298 293 
643 292 299 387 
644 292 387 294 
645 386 293 388 
646 388 293 295 
647 387 389 294 
648 388 295 389 
649 389 295 294 
650 390 297 296 
651 390 296 391 
652 296 298 391 
653 390 392 297 
654 393 391 298 
655 386 393 298 
656 394 387 299 
657 299 395 394 
658 395 299 301 
659 396 300 311 
660 396 397 300 
661 397 301 300 
662 398 301 397 
663 398 395 301 
664 399 303 302 
665 399 302 381 
666 400 401 381 
667 401 399 381 
668 402 303 399 
669 304 303 403 
670 402 403 303 
684 313 410 311 
685 396 311 410 
707 326 343 422 
708 326 422 423 
715 326 426 327 
716 326 423 426 
742 342 439 341 
743 344 341 439 
744 346 439 342 
745 344 441 343 
746 343 441 422 
747 440 422 441 
748 442 344 439 
749 441 344 442 
750 346 345 443 
751 346 443 439 
758 446 351 350 
759 350 352 446 
760 447 445 351 
761 447 351 446 
762 448 446 352 
763 448 352 353 
764 449 353 355 
765 449 448 353 
770 452 356 451 
771 452 355 356 
772 449 355 452 
776 361 458 358 
779 359 360 459 
780 361 359 459 
781 361 460 458 
782 460 361 459 
784 370 462 362 
785 362 462 377 
786 463 377 462 
796 367 368 469 
797 367 469 370 
798 470 469 368 
800 368 369 471 
801 470 368 471 
802 469 472 370 
803 370 472 462 
804 473 462 472 
805 380 474 371 
806 474 375 371 
807 475 375 474 
808 476 374 372 
809 372 375 476 
810 477 373 374 
811 383 373 477 
812 374 476 477 
813 478 476 375 
814 475 478 375 
815 378 376 479 
816 377 479 376 
817 463 479 377 
818 480 379 378 
819 378 479 480 
820 380 379 481 
821 380 481 474 
822 480 481 379 
823 400 381 482 
824 482 381 382 
825 482 382 483 
826 384 483 382 
827 383 484 385 
828 383 477 484 
829 384 385 485 
830 384 485 483 
831 485 385 486 
832 486 385 484 
833 386 487 393 
834 386 388 487 
835 387 394 488 
836 488 389 387 
837 389 488 489 
838 487 388 489 
839 489 388 389 
840 490 392 390 
841 390 391 490 
843 391 492 490 
844 492 391 393 
846 393 494 492 
847 494 393 487 
848 394 495 488 
849 394 496 495 
850 496 394 395 
851 395 497 496 
852 398 497 395 
853 396 410 498 
854 396 498 397 
855 499 397 498 
856 398 499 497 
857 398 397 499 
858 402 399 500 
859 401 500 399 
860 400 482 501 
861 400 501 502 
862 400 502 401 
863 503 401 502 
864 503 500 401 
865 402 504 403 
866 402 500 504 
902 426 423 522 
903 423 422 523 
904 422 440 523 
905 521 523 440 
906 524 522 423 
907 524 423 523 
908 525 523 521 
926 521 440 533 
940 455 535 543 
941 454 455 543 
942 544 454 545 
943 454 543 546 
944 545 454 546 
945 439 443 547 
946 442 439 547 
947 442 548 441 
948 441 548 440 
949 533 440 548 
950 442 547 548 
951 549 533 548 
952 443 550 547 
955 445 551 550 
956 551 445 447 
957 447 446 552 
958 552 446 448 
959 551 447 553 
960 553 447 552 
961 449 452 554 
962 448 554 552 
963 449 554 448 
967 451 556 557 
968 557 452 451 
969 557 554 452 
970 535 558 536 
971 455 558 535 
972 558 559 536 
975 454 560 455 
976 544 560 454 
977 455 560 558 
982 562 458 563 
983 563 458 460 
986 460 459 569 
987 460 569 563 
991 473 572 462 
992 572 463 462 
993 463 572 573 
994 463 573 479 
1004 470 471 578 
1005 470 578 579 
1006 470 579 469 
1007 469 579 472 
1008 580 472 579 
1013 580 584 472 
1014 584 473 472 
1015 585 572 473 
1016 586 473 584 
1017 586 585 473 
1018 587 475 474 
1019 587 474 481 
1020 588 478 475 
1021 475 587 588 
1022 589 477 476 
1023 478 589 476 
1024 590 477 589 
1025 590 484 477 
1026 591 589 478 
1027 588 591 478 
1028 573 592 479 
1029 592 480 479 
1030 593 480 592 
1031 593 481 480 
1032 594 587 481 
1033 595 594 481 
1034 595 481 593 
1035 501 482 596 
1036 482 483 596 
1037 483 597 596 
1038 483 485 597 
1039 501 596 598 
1040 599 486 484 
1041 599 484 590 
1042 600 599 590 
1043 601 597 485 
1044 485 486 601 
1045 602 601 486 
1046 486 599 602 
1047 487 603 494 
1048 603 487 489 
1049 488 495 604 
1050 489 604 603 
1051 604 489 488 
1072 500 616 504 
1073 503 616 500 
1075 598 618 501 
1076 502 501 618 
1077 619 502 618 
1078 503 619 616 
1079 503 502 619 
1114 637 525 521 
1115 637 521 638 
1116 521 533 638 
1120 524 641 522 
1121 524 642 641 
1122 524 523 642 
1123 525 642 523 
1124 637 643 525 
1125 644 525 643 
1126 644 642 525 
1139 638 533 650 
1140 533 549 650 
1144 567 654 653 
1145 654 567 566 
1146 566 655 654 
1147 565 655 566 
1148 565 656 655 
1149 651 656 565 
1168 666 667 545 
1169 544 545 667 
1170 544 667 668 
1171 544 668 560 
1172 545 546 669 
1173 666 545 669 
1176 671 547 550 
1177 672 547 671 
1178 548 547 672 
1179 549 548 672 
1180 549 672 673 
1181 549 673 650 
1182 674 550 551 
1183 671 550 674 
1184 675 671 674 
1185 676 674 551 
1186 676 551 553 
1187 553 552 677 
1188 677 552 554 
1189 676 553 678 
1190 678 553 677 
1191 679 554 557 
1192 679 677 554 
1195 556 680 681 
1196 681 557 556 
1197 681 679 557 
1198 682 680 559 
1199 558 682 559 
1200 560 682 558 
1201 683 682 560 
1202 668 683 560 
1203 684 680 682 
1206 686 563 569 
1207 685 562 687 
1208 687 562 563 
1209 687 563 686 
1210 565 688 651 
1211 567 653 689 
1214 566 690 565 
1215 688 565 690 
1216 691 566 567 
1217 566 691 690 
1218 567 689 691 
1221 694 686 569 
1226 572 585 697 
1227 697 573 572 
1228 698 573 697 
1229 573 698 592 
1237 578 701 579 
1238 580 579 701 
1239 580 701 702 
1240 580 702 584 
1247 706 584 702 
1248 586 584 706 
1249 585 707 697 
1250 586 706 708 
1251 585 708 707 
1252 586 708 585 
1254 710 587 594 
1255 710 711 587 
1256 711 588 587 
1257 711 712 588 
1258 712 591 588 
1259 600 590 713 
1260 590 589 713 
1261 591 713 589 
1262 714 591 712 
1263 714 713 591 
1264 715 592 698 
1265 592 715 593 
1266 716 710 594 
1267 717 593 715 
1268 595 593 717 
1269 595 717 718 
1270 716 594 718 
1271 718 594 595 
1273 720 598 596 
1274 596 597 720 
1275 597 721 720 
1276 597 601 721 
1279 602 599 723 
1280 600 723 599 
1281 600 724 723 
1282 600 713 724 
1283 601 725 721 
1284 601 602 725 
1285 726 725 602 
1286 726 602 723 
1351 637 758 643 
1352 637 638 758 
1353 638 759 758 
1354 638 650 759 
1362 764 641 642 
1363 644 764 642 
1364 643 758 765 
1365 643 765 766 
1366 644 766 764 
1367 644 643 766 
1378 650 772 759 
1379 650 673 772 
1380 651 688 773 
1381 693 773 688 
1382 774 651 773 
1383 651 775 656 
1384 774 775 651 
1411 669 789 666 
1412 790 667 666 
1413 791 666 789 
1414 790 666 791 
1415 788 683 792 
1416 668 792 683 
1417 790 793 667 
1418 667 793 668 
1419 668 793 792 
1425 797 672 671 
1426 675 797 671 
1427 798 797 675 
1428 673 672 799 
1429 799 672 797 
1430 772 673 800 
1431 673 799 800 
1432 674 676 801 
1433 676 678 801 
1434 675 674 801 
1435 798 675 801 
1436 802 677 679 
1437 803 678 677 
1438 803 677 802 
1439 804 801 678 
1440 804 678 803 
1441 805 679 681 
1442 805 802 679 
1443 806 681 680 
1444 806 805 681 
1445 684 806 680 
1446 807 802 805 
1447 684 682 808 
1448 683 808 682 
1449 788 808 683 
1450 684 809 806 
1451 684 808 809 
1452 810 809 808 
1453 692 685 811 
1454 687 811 685 
1455 812 686 694 
1456 813 811 687 
1457 813 687 686 
1458 813 686 812 
1459 688 690 814 
1460 693 688 814 
1461 815 689 692 
1462 691 815 690 
1463 690 815 814 
1464 691 689 815 
1465 816 692 811 
1466 815 692 817 
1467 816 817 692 
1468 693 818 773 
1469 693 814 819 
1470 693 819 818 
1471 812 694 820 
1476 823 697 707 
1477 697 823 698 
1478 698 823 824 
1479 698 824 715 
1498 710 716 832 
1499 710 832 711 
1500 832 833 711 
1501 833 712 711 
1502 712 833 834 
1503 714 712 834 
1504 714 834 835 
1505 835 724 713 
1506 714 835 713 
1507 724 835 836 
1508 837 832 716 
1509 715 824 838 
1510 838 717 715 
1511 716 839 837 
1512 839 716 718 
1513 717 838 840 
1514 718 840 839 
1515 840 718 717 
1524 836 845 724 
1525 723 845 726 
1526 723 724 845 
1587 874 765 758 
1588 758 759 874 
1589 875 874 759 
1590 759 772 875 
1615 888 875 772 
1616 772 800 888 
1617 889 773 818 
1618 774 773 890 
1619 890 773 889 
1620 774 891 775 
1621 774 890 891 
1641 788 900 808 
1646 788 903 900 
1647 792 903 788 
1649 791 789 904 
1650 790 791 905 
1651 790 905 793 
1652 906 791 904 
1653 906 905 791 
1654 903 792 907 
1655 793 907 792 
1656 905 908 793 
1657 908 907 793 
1665 799 797 913 
1666 798 913 797 
1667 798 801 914 
1668 798 914 913 
1669 800 915 888 
1670 915 800 916 
1671 800 799 916 
1672 916 799 913 
1673 914 801 917 
1674 804 917 801 
1675 807 918 802 
1676 918 803 802 
1677 804 919 917 
1678 918 919 803 
1679 919 804 803 
1680 920 805 806 
1681 807 805 920 
1682 809 920 806 
1683 807 920 921 
1684 807 921 918 
1685 922 920 809 
1686 900 923 808 
1687 923 810 808 
1688 924 922 809 
1689 810 924 809 
1690 925 810 923 
1691 925 924 810 
1692 932 812 820 
1693 932 933 812 
1694 816 811 933 
1695 813 933 811 
1696 813 812 933 
1697 934 819 814 
1698 817 935 815 
1699 814 815 935 
1700 934 814 935 
1701 816 936 817 
1702 936 816 933 
1703 937 935 817 
1704 937 817 936 
1705 938 889 818 
1706 939 938 818 
1707 939 818 940 
1708 940 818 819 
1709 940 819 941 
1710 934 941 819 
1711 932 820 942 
1735 832 837 955 
1736 955 833 832 
1737 833 955 956 
1738 956 834 833 
1739 834 956 957 
1740 957 836 835 
1741 835 834 957 
1840 1004 1005 938 
1841 938 1005 889 
1842 1006 889 1005 
1843 1006 890 889 
1844 891 890 1007 
1845 1006 1007 890 
1850 1004 1010 1005 
1865 1018 923 900 
1866 1018 900 1019 
1867 1019 900 903 
1871 1021 1019 903 
1872 1021 903 907 
1874 906 904 1022 
1875 906 1022 1023 
1876 906 1023 905 
1877 905 1023 908 
1878 1024 1021 907 
1879 1024 907 1025 
1880 908 1025 907 
1881 1026 908 1023 
1882 1026 1025 908 
1892 913 1032 916 
1893 913 914 1032 
1894 1033 1032 914 
1895 914 917 1033 
1898 916 1035 915 
1899 1035 916 1032 
1900 1036 917 919 
1901 1037 1033 917 
1902 1036 1037 917 
1903 1036 919 1038 
1904 1038 919 918 
1905 918 921 1038 
1906 1039 1038 921 
1907 1039 921 1040 
1908 1040 921 920 
1909 922 1040 920 
1910 922 924 1041 
1911 1041 1040 922 
1912 1041 924 1042 
1913 923 1018 1043 
1914 925 923 1043 
1915 925 1043 1044 
1916 1044 1042 924 
1917 925 1044 924 
1932 1055 932 942 
1933 1056 932 1055 
1934 1056 933 932 
1935 1056 1057 933 
1936 936 933 1057 
1937 934 935 1058 
1938 934 1058 941 
1939 1058 935 1059 
1940 937 1059 935 
1941 1060 936 1057 
1942 937 936 1060 
1943 937 1060 1059 
1944 1004 938 1061 
1945 939 1061 938 
1946 939 1062 1061 
1947 939 940 1062 
1948 1062 940 1063 
1949 940 941 1063 
1950 941 1064 1063 
1951 941 1058 1064 
1952 1065 1055 942 
2063 1004 1119 1010 
2064 1004 1061 1119 
2065 1005 1010 1120 
2066 1006 1120 1007 
2067 1006 1005 1120 
2092 1134 1043 1018 
2093 1018 1135 1134 
2094 1019 1135 1018 
2095 1019 1136 1135 
2096 1136 1019 1021 
2099 1138 1136 1021 
2100 1024 1138 1021 
2102 1023 1022 1139 
2103 1026 1023 1139 
2104 1024 1140 1138 
2105 1024 1025 1140 
2106 1026 1139 1141 
2107 1140 1025 1141 
2108 1026 1141 1025 
2118 1032 1146 1035 
2119 1032 1033 1146 
2120 1147 1146 1033 
2121 1033 1037 1147 
2125 1036 1149 1037 
2126 1036 1038 1149 
2127 1150 1147 1037 
2128 1037 1149 1150 
2129 1151 1149 1038 
2130 1039 1151 1038 
2131 1039 1152 1151 
2132 1039 1040 1152 
2133 1041 1042 1153 
2134 1153 1152 1040 
2135 1041 1153 1040 
2136 1042 1044 1154 
2137 1154 1155 1042 
2138 1153 1042 1155 
2139 1043 1134 1156 
2140 1044 1156 1154 
2141 1156 1044 1043 
2163 1169 1055 1065 
2164 1170 1055 1169 
2165 1170 1171 1055 
2166 1171 1056 1055 
2167 1056 1171 1057 
2168 1172 1057 1171 
2169 1060 1057 1172 
2170 1173 1064 1058 
2171 1058 1059 1173 
2172 1174 1060 1172 
2173 1173 1059 1174 
2174 1060 1174 1059 
2175 1175 1119 1061 
2176 1061 1062 1175 
2177 1176 1175 1062 
2178 1062 1063 1176 
2179 1177 1176 1063 
2180 1063 1064 1177 
2181 1064 1178 1177 
2182 1064 1173 1178 
2183 1169 1065 1179 
2344 1261 1150 1149 
2345 1149 1151 1261 
2348 1263 1261 1151 
2349 1151 1152 1263 
2350 1155 1264 1153 
2351 1264 1263 1152 
2352 1152 1153 1264 
2385 1283 1169 1179 
2386 1169 1283 1170 
2388 1170 1283 1285 
2389 1170 1285 1171 
2390 1285 1286 1171 
2391 1286 1172 1171 
2392 1287 1172 1286 
2393 1172 1287 1174 
2394 1174 1287 1288 
2395 1173 1288 1178 
2396 1288 1173 1174 
2 5 2 84
3684 1899 1881 1898 
3687 1899 1901 1881 
3702 1908 1907 1890 
3705 1909 1908 1890 
3715 1915 1898 1906 
3716 1899 1898 1915 
3717 1899 1916 1901 
3718 1916 1899 1915 
3723 1916 1918 1901 
3729 1921 1906 1920 
3730 1906 1921 1915 
3731 1922 1919 1907 
3732 1908 1922 1907 
3733 1908 1909 1923 
3734 1923 1922 1908 
3735 1924 1909 1912 
3736 1924 1923 1909 
3740 1926 1912 1925 
3741 1924 1912 1926 
3745 1916 1930 1918 
3746 1916 1915 1930 
3747 1915 1921 1930 
3750 1930 1931 1918 
3751 1932 1920 1919 
3752 1920 1932 1921 
3753 1919 1922 1932 
3754 1933 1921 1932 
3755 1921 1933 1930 
3756 1934 1932 1922 
3757 1923 1935 1922 
3758 1935 1934 1922 
3759 1926 1936 1924 
3760 1924 1936 1923 
3761 1936 1935 1923 
3763 1926 1925 1937 
3764 1926 1937 1936 
3771 1942 1931 1943 
3772 1931 1930 1943 
3773 1933 1943 1930 
3774 1944 1932 1934 
3775 1944 1933 1932 
3776 1945 1943 1933 
3777 1945 1933 1944 
3778 1946 1934 1935 
3779 1946 1947 1934 
3780 1947 1944 1934 
3781 1935 1936 1948 
3782 1946 1935 1948 
3784 1937 1949 1936 
3785 1949 1948 1936 
3793 1955 1951 1942 
3794 1955 1942 1943 
3795 1956 1955 1943 
3796 1956 1943 1945 
3797 1957 1944 1947 
3798 1957 1945 1944 
3799 1958 1956 1945 
3800 1958 1945 1957 
3801 1946 1948 1959 
3802 1946 1959 1947 
3803 1960 1947 1959 
3804 1960 1957 1947 
3805 1948 1949 1961 
3806 1961 1959 1948 
3809 1963 1951 1955 
3811 1963 1964 1951 
3815 1963 1955 1966 
3816 1966 1955 1956 
3817 1967 1966 1956 
3818 1958 1967 1956 
3819 1968 1957 1960 
3820 1958 1968 1967 
3821 1958 1957 1968 
3822 1959 1961 1969 
3823 1969 1960 1959 
3824 1960 1969 1970 
3825 1970 1968 1960 
3828 1963 1972 1964 
3829 1963 1966 1972 
3832 1966 1974 1972 
3833 1974 1966 1967 
3834 1968 1970 1975 
3835 1967 1975 1974 
3836 1975 1967 1968 
2 6 2 125
3004 1575 1574 1572 
3137 1572 1573 1641 
3138 1575 1572 1641 
3139 1573 1583 1642 
3140 1641 1573 1642 
3142 1575 1643 1574 
3143 1575 1641 1643 
3155 1582 1586 1649 
3156 1650 1584 1582 
3157 1649 1650 1582 
3158 1583 1585 1651 
3159 1651 1642 1583 
3160 1652 1585 1584 
3161 1585 1652 1651 
3162 1650 1652 1584 
3164 1653 1649 1586 
3260 1641 1697 1643 
3261 1641 1642 1697 
3262 1642 1651 1698 
3263 1642 1698 1697 
3265 1699 1643 1697 
3274 1649 1653 1703 
3275 1649 1703 1650 
3276 1652 1650 1704 
3277 1703 1704 1650 
3278 1651 1652 1705 
3279 1651 1705 1698 
3280 1652 1704 1705 
3282 1703 1653 1706 
3355 1697 1738 1699 
3356 1738 1697 1698 
3357 1698 1739 1738 
3358 1739 1698 1705 
3360 1738 1740 1699 
3366 1703 1706 1743 
3367 1704 1703 1743 
3368 1704 1743 1744 
3369 1705 1704 1744 
3370 1739 1705 1744 
3372 1743 1706 1745 
3423 1738 1767 1740 
3424 1739 1767 1738 
3425 1739 1744 1767 
3427 1768 1740 1767 
3431 1743 1745 1770 
3432 1770 1744 1743 
3433 1771 1744 1770 
3434 1771 1767 1744 
3436 1770 1745 1772 
3471 1768 1767 1788 
3472 1771 1788 1767 
3474 1788 1789 1768 
3477 1770 1772 1791 
3478 1771 1770 1791 
3479 1771 1791 1788 
3481 1791 1772 1792 
3507 1788 1806 1789 
3508 1788 1791 1806 
3511 1806 1807 1789 
3515 1792 1810 1791 
3516 1806 1791 1810 
3518 1810 1792 1811 
3543 1825 1824 1807 
3544 1807 1806 1825 
3545 1810 1825 1806 
3550 1811 1828 1810 
3551 1825 1810 1828 
3554 1828 1811 1829 
3579 1826 1824 1845 
3580 1824 1825 1845 
3581 1828 1845 1825 
3582 1844 1826 1846 
3583 1846 1826 1845 
3586 1829 1847 1848 
3587 1848 1828 1829 
3588 1848 1845 1828 
3609 1860 1841 1843 
3610 1861 1841 1860 
3612 1861 1862 1841 
3615 1843 1844 1864 
3616 1860 1843 1864 
3617 1844 1846 1864 
3618 1865 1845 1848 
3619 1846 1845 1865 
3620 1866 1864 1846 
3621 1866 1846 1865 
3622 1863 1867 1847 
3623 1847 1867 1848 
3624 1865 1848 1867 
3625 1868 1860 1864 
3646 1861 1860 1880 
3647 1868 1880 1860 
3648 1881 1862 1861 
3649 1861 1880 1881 
3653 1884 1863 1869 
3654 1884 1867 1863 
3655 1885 1864 1866 
3656 1868 1864 1885 
3657 1886 1865 1867 
3658 1866 1865 1886 
3659 1866 1886 1885 
3660 1887 1867 1884 
3661 1887 1886 1867 
3662 1868 1888 1880 
3663 1868 1885 1888 
3664 1889 1884 1869 
3666 1889 1869 1890 
3682 1880 1898 1881 
3683 1880 1888 1898 
3691 1903 1887 1884 
3692 1889 1903 1884 
3693 1888 1885 1904 
3694 1904 1885 1886 
3695 1887 1903 1905 
3696 1905 1904 1886 
3697 1887 1905 1886 
3698 1888 1906 1898 
3699 1888 1904 1906 
3700 1907 1889 1890 
3701 1889 1907 1903 
3724 1903 1907 1919 
3725 1919 1905 1903 
3726 1905 1919 1920 
3727 1904 1920 1906 
3728 1920 1904 1905 
2 7 2 51
289 182 192 191 
401 183 255 251 
402 183 182 255 
403 191 255 182 
419 191 267 255 
420 191 192 268 
421 191 268 267 
548 337 251 255 
555 255 340 337 
556 340 255 267 
589 357 340 267 
590 267 268 358 
591 358 357 267 
734 340 434 337 
740 434 340 438 
741 357 438 340 
774 457 438 357 
775 456 438 457 
777 357 358 458 
778 457 357 458 
929 538 434 438 
936 541 538 438 
937 456 541 438 
938 542 541 456 
939 542 456 534 
978 456 457 561 
979 534 456 561 
980 457 458 562 
981 562 561 457 
984 534 561 564 
985 564 561 568 
1141 534 564 652 
1142 534 652 542 
1143 652 564 653 
1157 541 661 538 
1162 663 661 541 
1163 542 652 663 
1164 542 663 541 
1165 664 661 663 
1204 685 561 562 
1205 568 561 685 
1212 689 653 564 
1213 568 689 564 
1219 568 685 692 
1220 568 692 689 
1385 653 776 652 
1386 652 776 663 
1402 664 784 661 
1405 785 663 776 
1406 664 785 784 
1407 664 663 785 
2 8 2 53
266 118 181 128 
267 118 180 181 
286 190 128 181 
396 252 181 180 
397 180 251 253 
398 253 252 180 
399 181 254 190 
400 252 254 181 
418 254 266 190 
549 253 251 337 
550 253 337 338 
551 252 253 338 
552 252 338 254 
553 339 266 254 
554 254 338 339 
587 339 356 266 
588 354 356 339 
735 338 337 434 
736 434 436 338 
737 354 339 436 
738 339 338 436 
739 437 354 436 
766 437 450 354 
767 435 450 437 
768 354 451 356 
769 451 354 450 
773 435 453 450 
927 537 536 453 
928 435 537 453 
930 538 436 434 
931 435 539 537 
932 435 437 539 
933 540 436 538 
934 437 436 540 
935 539 437 540 
964 555 450 453 
965 556 451 450 
966 555 556 450 
973 559 453 536 
974 555 453 559 
1154 536 537 659 
1155 660 659 537 
1156 537 539 660 
1158 540 538 661 
1159 662 540 661 
1160 539 540 662 
1161 660 539 662 
1193 555 680 556 
1194 555 559 680 
1400 660 783 659 
1401 660 662 783 
1403 662 661 784 
1404 783 662 784 
2 9 2 125
2764 1460 1374 1461 
2769 1461 1374 1463 
2813 1482 1486 1401 
2820 1489 1401 1486 
2850 1418 1504 1484 
2851 1505 1418 1421 
2852 1505 1504 1418 
2856 1421 1506 1507 
2857 1507 1505 1421 
2926 1538 1464 1460 
2927 1461 1538 1460 
2928 1461 1463 1539 
2929 1461 1539 1538 
2932 1539 1463 1540 
2933 1541 1537 1464 
2934 1464 1538 1541 
2968 1560 1482 1483 
2969 1486 1482 1560 
2970 1561 1483 1485 
2971 1560 1483 1561 
2972 1484 1562 1485 
2973 1485 1562 1561 
2974 1504 1562 1484 
2975 1486 1563 1489 
2976 1486 1560 1563 
2981 1563 1565 1489 
3005 1504 1576 1562 
3008 1505 1507 1578 
3009 1505 1578 1504 
3010 1504 1578 1576 
3012 1507 1506 1579 
3013 1507 1579 1578 
3072 1609 1542 1537 
3073 1537 1541 1609 
3074 1541 1538 1610 
3075 1539 1610 1538 
3076 1611 1540 1567 
3077 1539 1540 1611 
3078 1610 1539 1611 
3079 1609 1541 1612 
3080 1541 1610 1612 
3081 1613 1542 1609 
3082 1613 1614 1542 
3115 1561 1631 1560 
3116 1563 1560 1631 
3117 1562 1632 1561 
3118 1561 1632 1631 
3119 1562 1576 1632 
3120 1563 1633 1565 
3121 1631 1633 1563 
3124 1633 1634 1565 
3125 1635 1632 1576 
3128 1611 1567 1637 
3131 1637 1567 1638 
3144 1576 1578 1644 
3145 1576 1644 1635 
3149 1578 1579 1646 
3150 1578 1646 1644 
3202 1613 1609 1669 
3203 1609 1612 1669 
3204 1670 1613 1669 
3205 1611 1637 1671 
3206 1610 1611 1671 
3207 1612 1610 1671 
3208 1672 1669 1612 
3209 1672 1612 1671 
3210 1614 1613 1673 
3211 1670 1673 1613 
3212 1674 1673 1670 
3213 1676 1614 1673 
3214 1675 1676 1673 
3243 1631 1690 1633 
3244 1632 1690 1631 
3245 1635 1690 1632 
3246 1691 1636 1634 
3247 1633 1691 1634 
3248 1633 1690 1691 
3249 1635 1644 1692 
3250 1635 1692 1690 
3251 1693 1671 1637 
3252 1694 1640 1636 
3253 1636 1691 1694 
3254 1638 1639 1695 
3255 1637 1638 1695 
3256 1693 1637 1695 
3257 1696 1639 1640 
3258 1639 1696 1695 
3259 1640 1694 1696 
3266 1644 1646 1700 
3267 1644 1700 1692 
3308 1674 1670 1717 
3309 1670 1669 1717 
3310 1669 1672 1717 
3311 1693 1718 1671 
3312 1672 1718 1717 
3313 1672 1671 1718 
3314 1674 1719 1673 
3315 1675 1673 1719 
3316 1674 1720 1719 
3317 1674 1717 1720 
3318 1675 1719 1721 
3319 1675 1721 1676 
3343 1694 1691 1733 
3344 1690 1733 1691 
3345 1692 1733 1690 
3346 1700 1734 1692 
3347 1692 1734 1733 
3348 1693 1735 1718 
3349 1693 1695 1735 
3350 1694 1733 1736 
3351 1736 1696 1694 
3352 1737 1695 1696 
3353 1696 1736 1737 
3354 1735 1695 1737 
3389 1720 1717 1752 
3390 1717 1718 1752 
3391 1752 1718 1753 
3392 1753 1718 1735 
3414 1734 1763 1733 
3415 1763 1736 1733 
3418 1735 1765 1753 
3419 1765 1735 1737 
3420 1736 1763 1766 
3421 1737 1766 1765 
3422 1766 1737 1736 
2 10 2 86
1930 1053 1050 1046 
2146 1159 1053 1046 
2154 1164 1051 1050 
2155 1050 1053 1164 
2156 1165 1052 1051 
2157 1051 1164 1165 
2158 1166 1163 1052 
2159 1052 1165 1166 
2160 1053 1159 1167 
2161 1053 1167 1164 
2365 1159 1271 1167 
2372 1275 1274 1163 
2373 1163 1166 1275 
2374 1276 1165 1164 
2375 1164 1167 1276 
2376 1277 1275 1166 
2377 1278 1166 1165 
2378 1165 1276 1278 
2379 1166 1278 1277 
2380 1279 1167 1271 
2381 1279 1280 1167 
2382 1280 1276 1167 
2573 1372 1279 1271 
2577 1372 1271 1374 
2581 1376 1281 1274 
2582 1274 1275 1376 
2583 1275 1377 1376 
2584 1277 1377 1275 
2585 1278 1378 1277 
2586 1278 1276 1378 
2587 1276 1280 1378 
2588 1277 1378 1377 
2589 1280 1279 1379 
2590 1279 1372 1379 
2591 1280 1379 1378 
2593 1381 1380 1281 
2594 1281 1376 1381 
2762 1372 1374 1460 
2763 1372 1460 1379 
2770 1379 1460 1464 
2771 1376 1465 1381 
2772 1465 1376 1377 
2773 1377 1378 1466 
2774 1377 1466 1465 
2775 1379 1464 1467 
2776 1378 1379 1467 
2777 1466 1378 1467 
2778 1468 1382 1380 
2779 1380 1381 1468 
2780 1469 1468 1381 
2781 1469 1381 1465 
2782 1470 1382 1468 
2783 1470 1471 1382 
2925 1467 1464 1537 
2935 1469 1465 1543 
2936 1465 1466 1543 
2937 1466 1467 1544 
2938 1544 1543 1466 
2939 1542 1545 1537 
2940 1537 1545 1467 
2941 1544 1467 1545 
2942 1546 1545 1542 
2943 1468 1547 1470 
2944 1469 1543 1547 
2945 1469 1547 1468 
2946 1470 1548 1471 
2947 1470 1547 1548 
3083 1546 1542 1614 
3084 1543 1616 1547 
3085 1544 1545 1616 
3086 1543 1544 1616 
3087 1617 1546 1614 
3088 1615 1617 1614 
3089 1546 1618 1545 
3090 1617 1618 1546 
3091 1618 1616 1545 
3092 1547 1619 1548 
3093 1619 1547 1616 
3215 1615 1614 1676 
3216 1615 1676 1677 
3217 1615 1677 1617 
3218 1678 1619 1616 
3219 1678 1616 1618 
3220 1617 1677 1679 
3221 1679 1678 1618 
3222 1618 1617 1679 
2 11 2 31
2690 1415 1335 1426 
2691 1336 1426 1335 
2692 1423 1415 1426 
2693 1427 1336 1425 
2694 1426 1336 1427 
2843 1423 1499 1415 
2844 1500 1499 1423 
2861 1423 1426 1510 
2862 1423 1510 1500 
2863 1511 1424 1429 
2864 1512 1425 1424 
2865 1425 1512 1427 
2866 1424 1511 1512 
2867 1427 1512 1513 
2868 1510 1426 1513 
2869 1427 1513 1426 
2872 1515 1429 1514 
2873 1429 1515 1511 
2998 1500 1572 1499 
2999 1500 1573 1572 
3000 1500 1510 1573 
3018 1515 1582 1511 
3019 1510 1583 1573 
3020 1583 1510 1513 
3021 1511 1582 1584 
3022 1584 1512 1511 
3023 1512 1584 1585 
3024 1513 1585 1583 
3025 1585 1513 1512 
3027 1514 1586 1515 
3028 1515 1586 1582 
2 12 2 29
2411 1297 1183 1223 
2412 1297 1295 1183 
2413 1296 1297 1223 
2485 1296 1223 1329 
2486 1330 1296 1329 
2617 1394 1304 1294 
2618 1395 1294 1298 
2619 1394 1294 1395 
2620 1396 1296 1330 
2621 1295 1397 1299 
2622 1297 1397 1295 
2623 1396 1397 1296 
2624 1296 1397 1297 
2625 1398 1298 1299 
2626 1298 1398 1395 
2627 1299 1397 1398 
2635 1304 1394 1401 
2676 1330 1418 1396 
2681 1330 1329 1421 
2682 1418 1330 1421 
2804 1394 1482 1401 
2805 1394 1395 1482 
2806 1395 1483 1482 
2807 1483 1395 1398 
2808 1396 1418 1484 
2809 1396 1484 1397 
2810 1484 1485 1397 
2811 1398 1485 1483 
2812 1485 1398 1397 
2 13 2 53
171 122 121 80 
172 81 122 80 
173 81 82 122 
174 123 122 82 
175 124 123 82 
179 124 82 126 
272 184 174 121 
273 184 121 122 
274 123 184 122 
275 174 184 185 
276 123 124 186 
277 186 184 123 
278 124 126 187 
279 187 186 124 
386 248 174 185 
404 257 248 185 
405 260 257 185 
406 261 185 184 
407 186 261 184 
408 262 185 261 
409 260 185 262 
410 186 187 263 
411 263 261 186 
537 329 248 257 
542 331 329 257 
543 258 331 257 
544 258 259 332 
545 332 331 258 
546 332 259 333 
567 259 345 333 
569 260 347 257 
570 258 347 259 
571 258 257 347 
572 348 345 259 
573 348 259 347 
574 260 262 349 
575 347 260 349 
576 261 263 350 
577 262 261 350 
578 262 350 351 
579 349 262 351 
722 331 430 329 
725 332 333 431 
726 431 430 331 
727 332 431 331 
752 348 443 345 
753 348 444 443 
754 444 347 349 
755 348 347 444 
756 349 351 445 
757 444 349 445 
953 445 550 444 
954 443 444 550 
2 14 2 53
75 37 55 47 
77 37 56 55 
96 67 47 55 
111 76 55 56 
112 55 77 67 
113 76 77 55 
114 79 76 56 
117 56 80 79 
137 77 94 67 
161 76 79 113 
162 76 113 77 
163 94 77 114 
164 77 113 114 
169 79 80 121 
170 121 113 79 
201 114 141 94 
202 131 141 114 
253 113 121 174 
254 174 175 113 
255 131 114 175 
256 114 113 175 
257 176 142 131 
258 176 131 175 
259 177 142 176 
292 131 196 141 
293 196 131 142 
315 177 206 142 
316 209 142 206 
317 210 196 142 
318 209 210 142 
384 247 246 206 
385 177 247 206 
387 248 175 174 
388 249 175 248 
389 176 175 249 
390 250 176 249 
391 177 250 247 
392 177 176 250 
451 284 206 246 
452 209 206 284 
459 209 287 210 
460 209 284 287 
533 246 247 324 
534 325 324 247 
535 247 250 325 
538 249 248 329 
539 330 249 329 
540 250 249 330 
541 325 250 330 
713 325 425 324 
714 325 330 425 
723 330 329 430 
724 425 330 430 
2 15 2 53
47 22 41 32 
48 22 23 41 
49 42 41 23 
50 43 42 23 
53 43 23 44 
66 41 51 32 
84 41 62 51 
85 42 62 41 
86 42 43 63 
87 42 63 62 
88 43 44 64 
89 64 63 43 
103 62 72 51 
126 72 62 89 
127 90 89 62 
128 63 90 62 
129 63 64 91 
130 91 90 63 
147 103 72 89 
188 132 103 89 
189 135 132 89 
190 136 89 90 
191 135 89 136 
192 90 91 137 
193 137 136 90 
225 158 103 132 
230 160 158 132 
231 133 160 132 
232 133 134 161 
233 161 160 133 
234 161 134 162 
294 197 132 135 
295 133 197 134 
296 133 132 197 
299 134 198 162 
300 199 198 134 
301 199 134 197 
302 135 136 200 
303 197 135 200 
304 136 137 201 
305 200 136 201 
351 160 229 158 
354 161 162 230 
355 230 229 160 
356 161 230 160 
436 278 197 200 
437 199 197 278 
439 199 279 198 
440 199 278 279 
441 200 201 280 
442 278 200 280 
616 280 373 278 
617 279 278 373 
2 16 2 53
21 19 10 20 
22 11 20 10 
23 11 18 20 
36 18 32 33 
37 33 34 18 
38 34 20 18 
41 36 35 19 
42 20 36 19 
43 34 36 20 
67 33 32 51 
68 33 51 52 
69 34 33 52 
70 34 52 36 
71 53 48 35 
72 35 36 53 
73 36 52 53 
74 54 48 53 
97 54 68 48 
98 68 54 69 
104 52 51 72 
105 72 73 52 
106 54 53 73 
107 53 52 73 
108 74 69 54 
109 74 54 73 
110 75 69 74 
138 75 95 69 
141 99 68 69 
142 100 99 69 
143 100 69 95 
148 103 73 72 
149 75 74 104 
150 105 73 103 
151 74 73 105 
152 104 74 105 
153 75 107 95 
154 75 104 107 
155 107 108 95 
160 112 107 104 
205 147 95 108 
206 100 95 147 
216 100 151 99 
217 100 147 151 
226 105 103 158 
227 159 105 158 
228 104 105 159 
229 112 104 159 
241 108 107 168 
242 112 168 107 
251 112 173 168 
252 112 159 173 
352 159 158 229 
353 173 159 229 
$EndElements
